state_name,state_abbr,year,quarter,minimum_wage,date
Alabama,AL,2023,Q1,7.25,2023-03-01
Alabama,AL,2023,Q2,7.25,2023-06-01
Alabama,AL,2023,Q3,7.25,2023-09-01
Alabama,AL,2023,Q4,7.25,2023-12-01
Alabama,AL,2024,Q1,7.25,2024-03-01
Alabama,AL,2024,Q2,7.25,2024-06-01
Alabama,AL,2024,Q3,7.25,2024-09-01
Alabama,AL,2024,Q4,7.25,2024-12-01
Alabama,AL,2025,Q1,7.25,2025-03-01
Alabama,AL,2025,Q2,7.25,2025-06-01
Alabama,AL,2025,Q3,7.25,2025-07-01
Alaska,AK,2023,Q1,10.85,2023-03-01
Alaska,AK,2023,Q2,10.85,2023-06-01
Alaska,AK,2023,Q3,10.85,2023-09-01
Alaska,AK,2023,Q4,10.85,2023-12-01
Alaska,AK,2024,Q1,11.73,2024-03-01
Alaska,AK,2024,Q2,11.73,2024-06-01
Alaska,AK,2024,Q3,11.73,2024-09-01
Alaska,AK,2024,Q4,11.73,2024-12-01
Alaska,AK,2025,Q1,11.73,2025-03-01
Alaska,AK,2025,Q2,11.73,2025-06-01
Alaska,AK,2025,Q3,11.73,2025-07-01
Arizona,AZ,2023,Q1,13.85,2023-03-01
Arizona,AZ,2023,Q2,13.85,2023-06-01
Arizona,AZ,2023,Q3,13.85,2023-09-01
Arizona,AZ,2023,Q4,13.85,2023-12-01
Arizona,AZ,2024,Q1,14.35,2024-03-01
Arizona,AZ,2024,Q2,14.35,2024-06-01
Arizona,AZ,2024,Q3,14.35,2024-09-01
Arizona,AZ,2024,Q4,14.35,2024-12-01
Arizona,AZ,2025,Q1,14.35,2025-03-01
Arizona,AZ,2025,Q2,14.35,2025-06-01
Arizona,AZ,2025,Q3,14.35,2025-07-01
Arkansas,AR,2023,Q1,11.0,2023-03-01
Arkansas,AR,2023,Q2,11.0,2023-06-01
Arkansas,AR,2023,Q3,11.0,2023-09-01
Arkansas,AR,2023,Q4,11.0,2023-12-01
Arkansas,AR,2024,Q1,11.0,2024-03-01
Arkansas,AR,2024,Q2,11.0,2024-06-01
Arkansas,AR,2024,Q3,11.0,2024-09-01
Arkansas,AR,2024,Q4,11.0,2024-12-01
Arkansas,AR,2025,Q1,11.0,2025-03-01
Arkansas,AR,2025,Q2,11.0,2025-06-01
Arkansas,AR,2025,Q3,11.0,2025-07-01
California,CA,2023,Q1,15.5,2023-03-01
California,CA,2023,Q2,15.5,2023-06-01
California,CA,2023,Q3,15.5,2023-09-01
California,CA,2023,Q4,15.5,2023-12-01
California,CA,2024,Q1,16.0,2024-03-01
California,CA,2024,Q2,16.0,2024-06-01
California,CA,2024,Q3,16.0,2024-09-01
California,CA,2024,Q4,16.0,2024-12-01
California,CA,2025,Q1,16.0,2025-03-01
California,CA,2025,Q2,16.0,2025-06-01
California,CA,2025,Q3,16.0,2025-07-01
Colorado,CO,2023,Q1,13.65,2023-03-01
Colorado,CO,2023,Q2,13.65,2023-06-01
Colorado,CO,2023,Q3,13.65,2023-09-01
Colorado,CO,2023,Q4,13.65,2023-12-01
Colorado,CO,2024,Q1,14.42,2024-03-01
Colorado,CO,2024,Q2,14.42,2024-06-01
Colorado,CO,2024,Q3,14.42,2024-09-01
Colorado,CO,2024,Q4,14.42,2024-12-01
Colorado,CO,2025,Q1,14.42,2025-03-01
Colorado,CO,2025,Q2,14.42,2025-06-01
Colorado,CO,2025,Q3,14.42,2025-07-01
Connecticut,CT,2023,Q1,15.0,2023-03-01
Connecticut,CT,2023,Q2,15.0,2023-06-01
Connecticut,CT,2023,Q3,15.0,2023-09-01
Connecticut,CT,2023,Q4,15.0,2023-12-01
Connecticut,CT,2024,Q1,15.69,2024-03-01
Connecticut,CT,2024,Q2,15.69,2024-06-01
Connecticut,CT,2024,Q3,15.69,2024-09-01
Connecticut,CT,2024,Q4,15.69,2024-12-01
Connecticut,CT,2025,Q1,15.69,2025-03-01
Connecticut,CT,2025,Q2,15.69,2025-06-01
Connecticut,CT,2025,Q3,15.69,2025-07-01
Delaware,DE,2023,Q1,11.75,2023-03-01
Delaware,DE,2023,Q2,11.75,2023-06-01
Delaware,DE,2023,Q3,11.75,2023-09-01
Delaware,DE,2023,Q4,11.75,2023-12-01
Delaware,DE,2024,Q1,13.25,2024-03-01
Delaware,DE,2024,Q2,13.25,2024-06-01
Delaware,DE,2024,Q3,13.25,2024-09-01
Delaware,DE,2024,Q4,13.25,2024-12-01
Delaware,DE,2025,Q1,13.25,2025-03-01
Delaware,DE,2025,Q2,13.25,2025-06-01
Delaware,DE,2025,Q3,13.25,2025-07-01
District of Columbia,DC,2023,Q1,17.0,2023-03-01
District of Columbia,DC,2023,Q2,17.0,2023-06-01
District of Columbia,DC,2023,Q3,17.0,2023-09-01
District of Columbia,DC,2023,Q4,17.0,2023-12-01
District of Columbia,DC,2024,Q1,17.5,2024-03-01
District of Columbia,DC,2024,Q2,17.5,2024-06-01
District of Columbia,DC,2024,Q3,17.5,2024-09-01
District of Columbia,DC,2024,Q4,17.5,2024-12-01
District of Columbia,DC,2025,Q1,17.5,2025-03-01
District of Columbia,DC,2025,Q2,17.5,2025-06-01
District of Columbia,DC,2025,Q3,17.5,2025-07-01
Florida,FL,2023,Q1,12.0,2023-03-01
Florida,FL,2023,Q2,12.0,2023-06-01
Florida,FL,2023,Q3,12.0,2023-09-01
Florida,FL,2023,Q4,12.0,2023-12-01
Florida,FL,2024,Q1,12.0,2024-03-01
Florida,FL,2024,Q2,12.0,2024-06-01
Florida,FL,2024,Q3,12.0,2024-09-01
Florida,FL,2024,Q4,12.0,2024-12-01
Florida,FL,2025,Q1,12.0,2025-03-01
Florida,FL,2025,Q2,12.0,2025-06-01
Florida,FL,2025,Q3,12.0,2025-07-01
Georgia,GA,2023,Q1,5.15,2023-03-01
Georgia,GA,2023,Q2,5.15,2023-06-01
Georgia,GA,2023,Q3,5.15,2023-09-01
Georgia,GA,2023,Q4,5.15,2023-12-01
Georgia,GA,2024,Q1,5.15,2024-03-01
Georgia,GA,2024,Q2,5.15,2024-06-01
Georgia,GA,2024,Q3,5.15,2024-09-01
Georgia,GA,2024,Q4,5.15,2024-12-01
Georgia,GA,2025,Q1,5.15,2025-03-01
Georgia,GA,2025,Q2,5.15,2025-06-01
Georgia,GA,2025,Q3,5.15,2025-07-01
Hawaii,HI,2023,Q1,12.0,2023-03-01
Hawaii,HI,2023,Q2,12.0,2023-06-01
Hawaii,HI,2023,Q3,12.0,2023-09-01
Hawaii,HI,2023,Q4,12.0,2023-12-01
Hawaii,HI,2024,Q1,14.0,2024-03-01
Hawaii,HI,2024,Q2,14.0,2024-06-01
Hawaii,HI,2024,Q3,14.0,2024-09-01
Hawaii,HI,2024,Q4,14.0,2024-12-01
Hawaii,HI,2025,Q1,14.0,2025-03-01
Hawaii,HI,2025,Q2,14.0,2025-06-01
Hawaii,HI,2025,Q3,14.0,2025-07-01
Idaho,ID,2023,Q1,7.25,2023-03-01
Idaho,ID,2023,Q2,7.25,2023-06-01
Idaho,ID,2023,Q3,7.25,2023-09-01
Idaho,ID,2023,Q4,7.25,2023-12-01
Idaho,ID,2024,Q1,7.25,2024-03-01
Idaho,ID,2024,Q2,7.25,2024-06-01
Idaho,ID,2024,Q3,7.25,2024-09-01
Idaho,ID,2024,Q4,7.25,2024-12-01
Idaho,ID,2025,Q1,7.25,2025-03-01
Idaho,ID,2025,Q2,7.25,2025-06-01
Idaho,ID,2025,Q3,7.25,2025-07-01
Illinois,IL,2023,Q1,13.0,2023-03-01
Illinois,IL,2023,Q2,13.0,2023-06-01
Illinois,IL,2023,Q3,13.0,2023-09-01
Illinois,IL,2023,Q4,13.0,2023-12-01
Illinois,IL,2024,Q1,14.0,2024-03-01
Illinois,IL,2024,Q2,14.0,2024-06-01
Illinois,IL,2024,Q3,14.0,2024-09-01
Illinois,IL,2024,Q4,14.0,2024-12-01
Illinois,IL,2025,Q1,14.0,2025-03-01
Illinois,IL,2025,Q2,14.0,2025-06-01
Illinois,IL,2025,Q3,14.0,2025-07-01
Indiana,IN,2023,Q1,7.25,2023-03-01
Indiana,IN,2023,Q2,7.25,2023-06-01
Indiana,IN,2023,Q3,7.25,2023-09-01
Indiana,IN,2023,Q4,7.25,2023-12-01
Indiana,IN,2024,Q1,7.25,2024-03-01
Indiana,IN,2024,Q2,7.25,2024-06-01
Indiana,IN,2024,Q3,7.25,2024-09-01
Indiana,IN,2024,Q4,7.25,2024-12-01
Indiana,IN,2025,Q1,7.25,2025-03-01
Indiana,IN,2025,Q2,7.25,2025-06-01
Indiana,IN,2025,Q3,7.25,2025-07-01
Iowa,IA,2023,Q1,7.25,2023-03-01
Iowa,IA,2023,Q2,7.25,2023-06-01
Iowa,IA,2023,Q3,7.25,2023-09-01
Iowa,IA,2023,Q4,7.25,2023-12-01
Iowa,IA,2024,Q1,7.25,2024-03-01
Iowa,IA,2024,Q2,7.25,2024-06-01
Iowa,IA,2024,Q3,7.25,2024-09-01
Iowa,IA,2024,Q4,7.25,2024-12-01
Iowa,IA,2025,Q1,7.25,2025-03-01
Iowa,IA,2025,Q2,7.25,2025-06-01
Iowa,IA,2025,Q3,7.25,2025-07-01
Kansas,KS,2023,Q1,7.25,2023-03-01
Kansas,KS,2023,Q2,7.25,2023-06-01
Kansas,KS,2023,Q3,7.25,2023-09-01
Kansas,KS,2023,Q4,7.25,2023-12-01
Kansas,KS,2024,Q1,7.25,2024-03-01
Kansas,KS,2024,Q2,7.25,2024-06-01
Kansas,KS,2024,Q3,7.25,2024-09-01
Kansas,KS,2024,Q4,7.25,2024-12-01
Kansas,KS,2025,Q1,7.25,2025-03-01
Kansas,KS,2025,Q2,7.25,2025-06-01
Kansas,KS,2025,Q3,7.25,2025-07-01
Kentucky,KY,2023,Q1,7.25,2023-03-01
Kentucky,KY,2023,Q2,7.25,2023-06-01
Kentucky,KY,2023,Q3,7.25,2023-09-01
Kentucky,KY,2023,Q4,7.25,2023-12-01
Kentucky,KY,2024,Q1,7.25,2024-03-01
Kentucky,KY,2024,Q2,7.25,2024-06-01
Kentucky,KY,2024,Q3,7.25,2024-09-01
Kentucky,KY,2024,Q4,7.25,2024-12-01
Kentucky,KY,2025,Q1,7.25,2025-03-01
Kentucky,KY,2025,Q2,7.25,2025-06-01
Kentucky,KY,2025,Q3,7.25,2025-07-01
Louisiana,LA,2023,Q1,7.25,2023-03-01
Louisiana,LA,2023,Q2,7.25,2023-06-01
Louisiana,LA,2023,Q3,7.25,2023-09-01
Louisiana,LA,2023,Q4,7.25,2023-12-01
Louisiana,LA,2024,Q1,7.25,2024-03-01
Louisiana,LA,2024,Q2,7.25,2024-06-01
Louisiana,LA,2024,Q3,7.25,2024-09-01
Louisiana,LA,2024,Q4,7.25,2024-12-01
Louisiana,LA,2025,Q1,7.25,2025-03-01
Louisiana,LA,2025,Q2,7.25,2025-06-01
Louisiana,LA,2025,Q3,7.25,2025-07-01
Maine,ME,2023,Q1,13.8,2023-03-01
Maine,ME,2023,Q2,13.8,2023-06-01
Maine,ME,2023,Q3,13.8,2023-09-01
Maine,ME,2023,Q4,13.8,2023-12-01
Maine,ME,2024,Q1,14.15,2024-03-01
Maine,ME,2024,Q2,14.15,2024-06-01
Maine,ME,2024,Q3,14.15,2024-09-01
Maine,ME,2024,Q4,14.15,2024-12-01
Maine,ME,2025,Q1,14.15,2025-03-01
Maine,ME,2025,Q2,14.15,2025-06-01
Maine,ME,2025,Q3,14.15,2025-07-01
Maryland,MD,2023,Q1,13.25,2023-03-01
Maryland,MD,2023,Q2,13.25,2023-06-01
Maryland,MD,2023,Q3,13.25,2023-09-01
Maryland,MD,2023,Q4,13.25,2023-12-01
Maryland,MD,2024,Q1,15.0,2024-03-01
Maryland,MD,2024,Q2,15.0,2024-06-01
Maryland,MD,2024,Q3,15.0,2024-09-01
Maryland,MD,2024,Q4,15.0,2024-12-01
Maryland,MD,2025,Q1,15.0,2025-03-01
Maryland,MD,2025,Q2,15.0,2025-06-01
Maryland,MD,2025,Q3,15.0,2025-07-01
Massachusetts,MA,2023,Q1,15.0,2023-03-01
Massachusetts,MA,2023,Q2,15.0,2023-06-01
Massachusetts,MA,2023,Q3,15.0,2023-09-01
Massachusetts,MA,2023,Q4,15.0,2023-12-01
Massachusetts,MA,2024,Q1,15.0,2024-03-01
Massachusetts,MA,2024,Q2,15.0,2024-06-01
Massachusetts,MA,2024,Q3,15.0,2024-09-01
Massachusetts,MA,2024,Q4,15.0,2024-12-01
Massachusetts,MA,2025,Q1,15.0,2025-03-01
Massachusetts,MA,2025,Q2,15.0,2025-06-01
Massachusetts,MA,2025,Q3,15.0,2025-07-01
Michigan,MI,2023,Q1,10.1,2023-03-01
Michigan,MI,2023,Q2,10.1,2023-06-01
Michigan,MI,2023,Q3,10.1,2023-09-01
Michigan,MI,2023,Q4,10.1,2023-12-01
Michigan,MI,2024,Q1,10.33,2024-03-01
Michigan,MI,2024,Q2,10.33,2024-06-01
Michigan,MI,2024,Q3,10.33,2024-09-01
Michigan,MI,2024,Q4,10.33,2024-12-01
Michigan,MI,2025,Q1,10.33,2025-03-01
Michigan,MI,2025,Q2,10.33,2025-06-01
Michigan,MI,2025,Q3,10.33,2025-07-01
Minnesota,MN,2023,Q1,10.59,2023-03-01
Minnesota,MN,2023,Q2,10.59,2023-06-01
Minnesota,MN,2023,Q3,10.59,2023-09-01
Minnesota,MN,2023,Q4,10.59,2023-12-01
Minnesota,MN,2024,Q1,10.85,2024-03-01
Minnesota,MN,2024,Q2,10.85,2024-06-01
Minnesota,MN,2024,Q3,10.85,2024-09-01
Minnesota,MN,2024,Q4,10.85,2024-12-01
Minnesota,MN,2025,Q1,10.85,2025-03-01
Minnesota,MN,2025,Q2,10.85,2025-06-01
Minnesota,MN,2025,Q3,10.85,2025-07-01
Mississippi,MS,2023,Q1,7.25,2023-03-01
Mississippi,MS,2023,Q2,7.25,2023-06-01
Mississippi,MS,2023,Q3,7.25,2023-09-01
Mississippi,MS,2023,Q4,7.25,2023-12-01
Mississippi,MS,2024,Q1,7.25,2024-03-01
Mississippi,MS,2024,Q2,7.25,2024-06-01
Mississippi,MS,2024,Q3,7.25,2024-09-01
Mississippi,MS,2024,Q4,7.25,2024-12-01
Mississippi,MS,2025,Q1,7.25,2025-03-01
Mississippi,MS,2025,Q2,7.25,2025-06-01
Mississippi,MS,2025,Q3,7.25,2025-07-01
Missouri,MO,2023,Q1,12.0,2023-03-01
Missouri,MO,2023,Q2,12.0,2023-06-01
Missouri,MO,2023,Q3,12.0,2023-09-01
Missouri,MO,2023,Q4,12.0,2023-12-01
Missouri,MO,2024,Q1,12.3,2024-03-01
Missouri,MO,2024,Q2,12.3,2024-06-01
Missouri,MO,2024,Q3,12.3,2024-09-01
Missouri,MO,2024,Q4,12.3,2024-12-01
Missouri,MO,2025,Q1,12.3,2025-03-01
Missouri,MO,2025,Q2,12.3,2025-06-01
Missouri,MO,2025,Q3,12.3,2025-07-01
Montana,MT,2023,Q1,9.95,2023-03-01
Montana,MT,2023,Q2,9.95,2023-06-01
Montana,MT,2023,Q3,9.95,2023-09-01
Montana,MT,2023,Q4,9.95,2023-12-01
Montana,MT,2024,Q1,10.3,2024-03-01
Montana,MT,2024,Q2,10.3,2024-06-01
Montana,MT,2024,Q3,10.3,2024-09-01
Montana,MT,2024,Q4,10.3,2024-12-01
Montana,MT,2025,Q1,10.3,2025-03-01
Montana,MT,2025,Q2,10.3,2025-06-01
Montana,MT,2025,Q3,10.3,2025-07-01
Nebraska,NE,2023,Q1,10.5,2023-03-01
Nebraska,NE,2023,Q2,10.5,2023-06-01
Nebraska,NE,2023,Q3,10.5,2023-09-01
Nebraska,NE,2023,Q4,10.5,2023-12-01
Nebraska,NE,2024,Q1,12.0,2024-03-01
Nebraska,NE,2024,Q2,12.0,2024-06-01
Nebraska,NE,2024,Q3,12.0,2024-09-01
Nebraska,NE,2024,Q4,12.0,2024-12-01
Nebraska,NE,2025,Q1,12.0,2025-03-01
Nebraska,NE,2025,Q2,12.0,2025-06-01
Nebraska,NE,2025,Q3,12.0,2025-07-01
Nevada,NV,2023,Q1,10.25,2023-03-01
Nevada,NV,2023,Q2,10.25,2023-06-01
Nevada,NV,2023,Q3,10.25,2023-09-01
Nevada,NV,2023,Q4,10.25,2023-12-01
Nevada,NV,2024,Q1,12.0,2024-03-01
Nevada,NV,2024,Q2,12.0,2024-06-01
Nevada,NV,2024,Q3,12.0,2024-09-01
Nevada,NV,2024,Q4,12.0,2024-12-01
Nevada,NV,2025,Q1,12.0,2025-03-01
Nevada,NV,2025,Q2,12.0,2025-06-01
Nevada,NV,2025,Q3,12.0,2025-07-01
New Hampshire,NH,2023,Q1,7.25,2023-03-01
New Hampshire,NH,2023,Q2,7.25,2023-06-01
New Hampshire,NH,2023,Q3,7.25,2023-09-01
New Hampshire,NH,2023,Q4,7.25,2023-12-01
New Hampshire,NH,2024,Q1,7.25,2024-03-01
New Hampshire,NH,2024,Q2,7.25,2024-06-01
New Hampshire,NH,2024,Q3,7.25,2024-09-01
New Hampshire,NH,2024,Q4,7.25,2024-12-01
New Hampshire,NH,2025,Q1,7.25,2025-03-01
New Hampshire,NH,2025,Q2,7.25,2025-06-01
New Hampshire,NH,2025,Q3,7.25,2025-07-01
New Jersey,NJ,2023,Q1,14.13,2023-03-01
New Jersey,NJ,2023,Q2,14.13,2023-06-01
New Jersey,NJ,2023,Q3,14.13,2023-09-01
New Jersey,NJ,2023,Q4,14.13,2023-12-01
New Jersey,NJ,2024,Q1,15.13,2024-03-01
New Jersey,NJ,2024,Q2,15.13,2024-06-01
New Jersey,NJ,2024,Q3,15.13,2024-09-01
New Jersey,NJ,2024,Q4,15.13,2024-12-01
New Jersey,NJ,2025,Q1,15.13,2025-03-01
New Jersey,NJ,2025,Q2,15.13,2025-06-01
New Jersey,NJ,2025,Q3,15.13,2025-07-01
New Mexico,NM,2023,Q1,12.0,2023-03-01
New Mexico,NM,2023,Q2,12.0,2023-06-01
New Mexico,NM,2023,Q3,12.0,2023-09-01
New Mexico,NM,2023,Q4,12.0,2023-12-01
New Mexico,NM,2024,Q1,12.0,2024-03-01
New Mexico,NM,2024,Q2,12.0,2024-06-01
New Mexico,NM,2024,Q3,12.0,2024-09-01
New Mexico,NM,2024,Q4,12.0,2024-12-01
New Mexico,NM,2025,Q1,12.0,2025-03-01
New Mexico,NM,2025,Q2,12.0,2025-06-01
New Mexico,NM,2025,Q3,12.0,2025-07-01
New York,NY,2023,Q1,14.2,2023-03-01
New York,NY,2023,Q2,14.2,2023-06-01
New York,NY,2023,Q3,14.2,2023-09-01
New York,NY,2023,Q4,14.2,2023-12-01
New York,NY,2024,Q1,15.0,2024-03-01
New York,NY,2024,Q2,15.0,2024-06-01
New York,NY,2024,Q3,15.0,2024-09-01
New York,NY,2024,Q4,15.0,2024-12-01
New York,NY,2025,Q1,15.0,2025-03-01
New York,NY,2025,Q2,15.0,2025-06-01
New York,NY,2025,Q3,15.0,2025-07-01
North Carolina,NC,2023,Q1,7.25,2023-03-01
North Carolina,NC,2023,Q2,7.25,2023-06-01
North Carolina,NC,2023,Q3,7.25,2023-09-01
North Carolina,NC,2023,Q4,7.25,2023-12-01
North Carolina,NC,2024,Q1,7.25,2024-03-01
North Carolina,NC,2024,Q2,7.25,2024-06-01
North Carolina,NC,2024,Q3,7.25,2024-09-01
North Carolina,NC,2024,Q4,7.25,2024-12-01
North Carolina,NC,2025,Q1,7.25,2025-03-01
North Carolina,NC,2025,Q2,7.25,2025-06-01
North Carolina,NC,2025,Q3,7.25,2025-07-01
North Dakota,ND,2023,Q1,7.25,2023-03-01
North Dakota,ND,2023,Q2,7.25,2023-06-01
North Dakota,ND,2023,Q3,7.25,2023-09-01
North Dakota,ND,2023,Q4,7.25,2023-12-01
North Dakota,ND,2024,Q1,7.25,2024-03-01
North Dakota,ND,2024,Q2,7.25,2024-06-01
North Dakota,ND,2024,Q3,7.25,2024-09-01
North Dakota,ND,2024,Q4,7.25,2024-12-01
North Dakota,ND,2025,Q1,7.25,2025-03-01
North Dakota,ND,2025,Q2,7.25,2025-06-01
North Dakota,ND,2025,Q3,7.25,2025-07-01
Ohio,OH,2023,Q1,10.1,2023-03-01
Ohio,OH,2023,Q2,10.1,2023-06-01
Ohio,OH,2023,Q3,10.1,2023-09-01
Ohio,OH,2023,Q4,10.1,2023-12-01
Ohio,OH,2024,Q1,10.45,2024-03-01
Ohio,OH,2024,Q2,10.45,2024-06-01
Ohio,OH,2024,Q3,10.45,2024-09-01
Ohio,OH,2024,Q4,10.45,2024-12-01
Ohio,OH,2025,Q1,10.45,2025-03-01
Ohio,OH,2025,Q2,10.45,2025-06-01
Ohio,OH,2025,Q3,10.45,2025-07-01
Oklahoma,OK,2023,Q1,2.0,2023-03-01
Oklahoma,OK,2023,Q2,2.0,2023-06-01
Oklahoma,OK,2023,Q3,2.0,2023-09-01
Oklahoma,OK,2023,Q4,2.0,2023-12-01
Oklahoma,OK,2024,Q1,2.0,2024-03-01
Oklahoma,OK,2024,Q2,2.0,2024-06-01
Oklahoma,OK,2024,Q3,2.0,2024-09-01
Oklahoma,OK,2024,Q4,2.0,2024-12-01
Oklahoma,OK,2025,Q1,2.0,2025-03-01
Oklahoma,OK,2025,Q2,2.0,2025-06-01
Oklahoma,OK,2025,Q3,2.0,2025-07-01
Oregon,OR,2023,Q1,14.2,2023-03-01
Oregon,OR,2023,Q2,14.2,2023-06-01
Oregon,OR,2023,Q3,14.2,2023-09-01
Oregon,OR,2023,Q4,14.2,2023-12-01
Oregon,OR,2024,Q1,14.7,2024-03-01
Oregon,OR,2024,Q2,14.7,2024-06-01
Oregon,OR,2024,Q3,14.7,2024-09-01
Oregon,OR,2024,Q4,14.7,2024-12-01
Oregon,OR,2025,Q1,14.7,2025-03-01
Oregon,OR,2025,Q2,14.7,2025-06-01
Oregon,OR,2025,Q3,14.7,2025-07-01
Pennsylvania,PA,2023,Q1,7.25,2023-03-01
Pennsylvania,PA,2023,Q2,7.25,2023-06-01
Pennsylvania,PA,2023,Q3,7.25,2023-09-01
Pennsylvania,PA,2023,Q4,7.25,2023-12-01
Pennsylvania,PA,2024,Q1,7.25,2024-03-01
Pennsylvania,PA,2024,Q2,7.25,2024-06-01
Pennsylvania,PA,2024,Q3,7.25,2024-09-01
Pennsylvania,PA,2024,Q4,7.25,2024-12-01
Pennsylvania,PA,2025,Q1,7.25,2025-03-01
Pennsylvania,PA,2025,Q2,7.25,2025-06-01
Pennsylvania,PA,2025,Q3,7.25,2025-07-01
Rhode Island,RI,2023,Q1,13.0,2023-03-01
Rhode Island,RI,2023,Q2,13.0,2023-06-01
Rhode Island,RI,2023,Q3,13.0,2023-09-01
Rhode Island,RI,2023,Q4,13.0,2023-12-01
Rhode Island,RI,2024,Q1,14.0,2024-03-01
Rhode Island,RI,2024,Q2,14.0,2024-06-01
Rhode Island,RI,2024,Q3,14.0,2024-09-01
Rhode Island,RI,2024,Q4,14.0,2024-12-01
Rhode Island,RI,2025,Q1,14.0,2025-03-01
Rhode Island,RI,2025,Q2,14.0,2025-06-01
Rhode Island,RI,2025,Q3,14.0,2025-07-01
South Carolina,SC,2023,Q1,7.25,2023-03-01
South Carolina,SC,2023,Q2,7.25,2023-06-01
South Carolina,SC,2023,Q3,7.25,2023-09-01
South Carolina,SC,2023,Q4,7.25,2023-12-01
South Carolina,SC,2024,Q1,7.25,2024-03-01
South Carolina,SC,2024,Q2,7.25,2024-06-01
South Carolina,SC,2024,Q3,7.25,2024-09-01
South Carolina,SC,2024,Q4,7.25,2024-12-01
South Carolina,SC,2025,Q1,7.25,2025-03-01
South Carolina,SC,2025,Q2,7.25,2025-06-01
South Carolina,SC,2025,Q3,7.25,2025-07-01
South Dakota,SD,2023,Q1,10.8,2023-03-01
South Dakota,SD,2023,Q2,10.8,2023-06-01
South Dakota,SD,2023,Q3,10.8,2023-09-01
South Dakota,SD,2023,Q4,10.8,2023-12-01
South Dakota,SD,2024,Q1,11.2,2024-03-01
South Dakota,SD,2024,Q2,11.2,2024-06-01
South Dakota,SD,2024,Q3,11.2,2024-09-01
South Dakota,SD,2024,Q4,11.2,2024-12-01
South Dakota,SD,2025,Q1,11.2,2025-03-01
South Dakota,SD,2025,Q2,11.2,2025-06-01
South Dakota,SD,2025,Q3,11.2,2025-07-01
Tennessee,TN,2023,Q1,7.25,2023-03-01
Tennessee,TN,2023,Q2,7.25,2023-06-01
Tennessee,TN,2023,Q3,7.25,2023-09-01
Tennessee,TN,2023,Q4,7.25,2023-12-01
Tennessee,TN,2024,Q1,7.25,2024-03-01
Tennessee,TN,2024,Q2,7.25,2024-06-01
Tennessee,TN,2024,Q3,7.25,2024-09-01
Tennessee,TN,2024,Q4,7.25,2024-12-01
Tennessee,TN,2025,Q1,7.25,2025-03-01
Tennessee,TN,2025,Q2,7.25,2025-06-01
Tennessee,TN,2025,Q3,7.25,2025-07-01
Texas,TX,2023,Q1,7.25,2023-03-01
Texas,TX,2023,Q2,7.25,2023-06-01
Texas,TX,2023,Q3,7.25,2023-09-01
Texas,TX,2023,Q4,7.25,2023-12-01
Texas,TX,2024,Q1,7.25,2024-03-01
Texas,TX,2024,Q2,7.25,2024-06-01
Texas,TX,2024,Q3,7.25,2024-09-01
Texas,TX,2024,Q4,7.25,2024-12-01
Texas,TX,2025,Q1,7.25,2025-03-01
Texas,TX,2025,Q2,7.25,2025-06-01
Texas,TX,2025,Q3,7.25,2025-07-01
Utah,UT,2023,Q1,7.25,2023-03-01
Utah,UT,2023,Q2,7.25,2023-06-01
Utah,UT,2023,Q3,7.25,2023-09-01
Utah,UT,2023,Q4,7.25,2023-12-01
Utah,UT,2024,Q1,7.25,2024-03-01
Utah,UT,2024,Q2,7.25,2024-06-01
Utah,UT,2024,Q3,7.25,2024-09-01
Utah,UT,2024,Q4,7.25,2024-12-01
Utah,UT,2025,Q1,7.25,2025-03-01
Utah,UT,2025,Q2,7.25,2025-06-01
Utah,UT,2025,Q3,7.25,2025-07-01
Vermont,VT,2023,Q1,13.18,2023-03-01
Vermont,VT,2023,Q2,13.18,2023-06-01
Vermont,VT,2023,Q3,13.18,2023-09-01
Vermont,VT,2023,Q4,13.18,2023-12-01
Vermont,VT,2024,Q1,13.67,2024-03-01
Vermont,VT,2024,Q2,13.67,2024-06-01
Vermont,VT,2024,Q3,13.67,2024-09-01
Vermont,VT,2024,Q4,13.67,2024-12-01
Vermont,VT,2025,Q1,13.67,2025-03-01
Vermont,VT,2025,Q2,13.67,2025-06-01
Vermont,VT,2025,Q3,13.67,2025-07-01
Virginia,VA,2023,Q1,12.0,2023-03-01
Virginia,VA,2023,Q2,12.0,2023-06-01
Virginia,VA,2023,Q3,12.0,2023-09-01
Virginia,VA,2023,Q4,12.0,2023-12-01
Virginia,VA,2024,Q1,12.0,2024-03-01
Virginia,VA,2024,Q2,12.0,2024-06-01
Virginia,VA,2024,Q3,12.0,2024-09-01
Virginia,VA,2024,Q4,12.0,2024-12-01
Virginia,VA,2025,Q1,12.0,2025-03-01
Virginia,VA,2025,Q2,12.0,2025-06-01
Virginia,VA,2025,Q3,12.0,2025-07-01
Washington,WA,2023,Q1,15.74,2023-03-01
Washington,WA,2023,Q2,15.74,2023-06-01
Washington,WA,2023,Q3,15.74,2023-09-01
Washington,WA,2023,Q4,15.74,2023-12-01
Washington,WA,2024,Q1,16.28,2024-03-01
Washington,WA,2024,Q2,16.28,2024-06-01
Washington,WA,2024,Q3,16.28,2024-09-01
Washington,WA,2024,Q4,16.28,2024-12-01
Washington,WA,2025,Q1,16.28,2025-03-01
Washington,WA,2025,Q2,16.28,2025-06-01
Washington,WA,2025,Q3,16.28,2025-07-01
West Virginia,WV,2023,Q1,8.75,2023-03-01
West Virginia,WV,2023,Q2,8.75,2023-06-01
West Virginia,WV,2023,Q3,8.75,2023-09-01
West Virginia,WV,2023,Q4,8.75,2023-12-01
West Virginia,WV,2024,Q1,8.75,2024-03-01
West Virginia,WV,2024,Q2,8.75,2024-06-01
West Virginia,WV,2024,Q3,8.75,2024-09-01
West Virginia,WV,2024,Q4,8.75,2024-12-01
West Virginia,WV,2025,Q1,8.75,2025-03-01
West Virginia,WV,2025,Q2,8.75,2025-06-01
West Virginia,WV,2025,Q3,8.75,2025-07-01
Wisconsin,WI,2023,Q1,7.25,2023-03-01
Wisconsin,WI,2023,Q2,7.25,2023-06-01
Wisconsin,WI,2023,Q3,7.25,2023-09-01
Wisconsin,WI,2023,Q4,7.25,2023-12-01
Wisconsin,WI,2024,Q1,7.25,2024-03-01
Wisconsin,WI,2024,Q2,7.25,2024-06-01
Wisconsin,WI,2024,Q3,7.25,2024-09-01
Wisconsin,WI,2024,Q4,7.25,2024-12-01
Wisconsin,WI,2025,Q1,7.25,2025-03-01
Wisconsin,WI,2025,Q2,7.25,2025-06-01
Wisconsin,WI,2025,Q3,7.25,2025-07-01
Wyoming,WY,2023,Q1,5.15,2023-03-01
Wyoming,WY,2023,Q2,5.15,2023-06-01
Wyoming,WY,2023,Q3,5.15,2023-09-01
Wyoming,WY,2023,Q4,5.15,2023-12-01
Wyoming,WY,2024,Q1,5.15,2024-03-01
Wyoming,WY,2024,Q2,5.15,2024-06-01
Wyoming,WY,2024,Q3,5.15,2024-09-01
Wyoming,WY,2024,Q4,5.15,2024-12-01
Wyoming,WY,2025,Q1,5.15,2025-03-01
Wyoming,WY,2025,Q2,5.15,2025-06-01
Wyoming,WY,2025,Q3,5.15,2025-07-01
