state_name,state_abbr,year,quarter,cpi_value,date,source
Alabama,AL,2023,Q1,300.9854638669519,2023-03-01,National_Estimate_BLS_API
Alabama,AL,2023,Q2,304.7450112361705,2023-06-01,National_Estimate_BLS_API
Alabama,AL,2023,Q3,306.5880415338955,2023-09-01,National_Estimate_BLS_API
Alabama,AL,2023,Q4,307.6854390024485,2023-12-01,National_Estimate_BLS_API
Alabama,AL,2024,Q1,310.3067821011151,2024-03-01,National_Estimate_BLS_API
Alabama,AL,2024,Q2,313.8407657028435,2024-06-01,National_Estimate_BLS_API
Alabama,AL,2024,Q3,315.12556466935115,2024-09-01,National_Estimate_BLS_API
Alabama,AL,2024,Q4,315.7792059093411,2024-12-01,National_Estimate_BLS_API
Alabama,AL,2025,Q1,318.6058737966437,2025-03-01,National_Estimate_BLS_API
Alabama,AL,2025,Q2,321.53756220797385,2025-06-01,National_Estimate_BLS_API
Alabama,AL,2025,Q3,323.70375316986286,2025-07-01,National_Estimate_BLS_API
Alaska,AK,2023,Q1,300.59855467759746,2023-03-01,National_Estimate_BLS_API
Alaska,AK,2023,Q2,304.44145378231775,2023-06-01,National_Estimate_BLS_API
Alaska,AK,2023,Q3,306.977731559723,2023-09-01,National_Estimate_BLS_API
Alaska,AK,2023,Q4,306.36300852207677,2023-12-01,National_Estimate_BLS_API
Alaska,AK,2024,Q1,309.80243005066114,2024-03-01,National_Estimate_BLS_API
Alaska,AK,2024,Q2,313.3988640591472,2024-06-01,National_Estimate_BLS_API
Alaska,AK,2024,Q3,314.5848200387904,2024-09-01,National_Estimate_BLS_API
Alaska,AK,2024,Q4,315.48840570247756,2024-12-01,National_Estimate_BLS_API
Alaska,AK,2025,Q1,318.70318027627735,2025-03-01,National_Estimate_BLS_API
Alaska,AK,2025,Q2,321.60967370263734,2025-06-01,National_Estimate_BLS_API
Alaska,AK,2025,Q3,322.7080582854036,2025-07-01,National_Estimate_BLS_API
Arizona,AZ,2023,Q1,300.95047629968053,2023-03-01,National_Estimate_BLS_API
Arizona,AZ,2023,Q2,304.27017965793635,2023-06-01,National_Estimate_BLS_API
Arizona,AZ,2023,Q3,306.8494053426449,2023-09-01,National_Estimate_BLS_API
Arizona,AZ,2023,Q4,307.21395715249264,2023-12-01,National_Estimate_BLS_API
Arizona,AZ,2024,Q1,310.5556860253533,2024-03-01,National_Estimate_BLS_API
Arizona,AZ,2024,Q2,314.1375721388252,2024-06-01,National_Estimate_BLS_API
Arizona,AZ,2024,Q3,315.5054773918965,2024-09-01,National_Estimate_BLS_API
Arizona,AZ,2024,Q4,315.45991009867913,2024-12-01,National_Estimate_BLS_API
Arizona,AZ,2025,Q1,318.8128572910091,2025-03-01,National_Estimate_BLS_API
Arizona,AZ,2025,Q2,322.0923924330436,2025-06-01,National_Estimate_BLS_API
Arizona,AZ,2025,Q3,323.2348008491891,2025-07-01,National_Estimate_BLS_API
Arkansas,AR,2023,Q1,300.8186311820269,2023-03-01,National_Estimate_BLS_API
Arkansas,AR,2023,Q2,304.5146214340123,2023-06-01,National_Estimate_BLS_API
Arkansas,AR,2023,Q3,307.4591584030079,2023-09-01,National_Estimate_BLS_API
Arkansas,AR,2023,Q4,306.6435577208374,2023-12-01,National_Estimate_BLS_API
Arkansas,AR,2024,Q1,310.2654052145064,2024-03-01,National_Estimate_BLS_API
Arkansas,AR,2024,Q2,314.53728745673317,2024-06-01,National_Estimate_BLS_API
Arkansas,AR,2024,Q3,314.878767755286,2024-09-01,National_Estimate_BLS_API
Arkansas,AR,2024,Q4,315.7278890369221,2024-12-01,National_Estimate_BLS_API
Arkansas,AR,2025,Q1,318.63310246009695,2025-03-01,National_Estimate_BLS_API
Arkansas,AR,2025,Q2,321.43588021076135,2025-06-01,National_Estimate_BLS_API
Arkansas,AR,2025,Q3,322.3507449327034,2025-07-01,National_Estimate_BLS_API
California,CA,2023,Q1,301.38763515751833,2023-03-01,National_Estimate_BLS_API
California,CA,2023,Q2,303.68075636812017,2023-06-01,National_Estimate_BLS_API
California,CA,2023,Q3,306.5076750644956,2023-09-01,National_Estimate_BLS_API
California,CA,2023,Q4,307.3875018836034,2023-12-01,National_Estimate_BLS_API
California,CA,2024,Q1,310.56285908700363,2024-03-01,National_Estimate_BLS_API
California,CA,2024,Q2,314.0495488332883,2024-06-01,National_Estimate_BLS_API
California,CA,2024,Q3,315.1943600632273,2024-09-01,National_Estimate_BLS_API
California,CA,2024,Q4,315.14031923175764,2024-12-01,National_Estimate_BLS_API
California,CA,2025,Q1,319.33583274321126,2025-03-01,National_Estimate_BLS_API
California,CA,2025,Q2,321.39781226202825,2025-06-01,National_Estimate_BLS_API
California,CA,2025,Q3,322.84253376849443,2025-07-01,National_Estimate_BLS_API
Colorado,CO,2023,Q1,300.67624596722106,2023-03-01,National_Estimate_BLS_API
Colorado,CO,2023,Q2,304.1676076825079,2023-06-01,National_Estimate_BLS_API
Colorado,CO,2023,Q3,306.4974257673207,2023-09-01,National_Estimate_BLS_API
Colorado,CO,2023,Q4,307.22583476663505,2023-12-01,National_Estimate_BLS_API
Colorado,CO,2024,Q1,310.11634664955454,2024-03-01,National_Estimate_BLS_API
Colorado,CO,2024,Q2,314.1139001550987,2024-06-01,National_Estimate_BLS_API
Colorado,CO,2024,Q3,315.1616155385722,2024-09-01,National_Estimate_BLS_API
Colorado,CO,2024,Q4,315.6361958664517,2024-12-01,National_Estimate_BLS_API
Colorado,CO,2025,Q1,318.98843437987045,2025-03-01,National_Estimate_BLS_API
Colorado,CO,2025,Q2,322.0212341129872,2025-06-01,National_Estimate_BLS_API
Colorado,CO,2025,Q3,322.41900632867606,2025-07-01,National_Estimate_BLS_API
Connecticut,CT,2023,Q1,299.9980711153374,2023-03-01,National_Estimate_BLS_API
Connecticut,CT,2023,Q2,304.28414648554286,2023-06-01,National_Estimate_BLS_API
Connecticut,CT,2023,Q3,306.87904554964797,2023-09-01,National_Estimate_BLS_API
Connecticut,CT,2023,Q4,307.2277934328567,2023-12-01,National_Estimate_BLS_API
Connecticut,CT,2024,Q1,310.8281355268786,2024-03-01,National_Estimate_BLS_API
Connecticut,CT,2024,Q2,313.8605913480144,2024-06-01,National_Estimate_BLS_API
Connecticut,CT,2024,Q3,314.91966943094786,2024-09-01,National_Estimate_BLS_API
Connecticut,CT,2024,Q4,315.8051585599856,2024-12-01,National_Estimate_BLS_API
Connecticut,CT,2025,Q1,319.21526733632135,2025-03-01,National_Estimate_BLS_API
Connecticut,CT,2025,Q2,321.8843440027545,2025-06-01,National_Estimate_BLS_API
Connecticut,CT,2025,Q3,322.79243137825677,2025-07-01,National_Estimate_BLS_API
Delaware,DE,2023,Q1,300.81908253719934,2023-03-01,National_Estimate_BLS_API
Delaware,DE,2023,Q2,304.4751743489954,2023-06-01,National_Estimate_BLS_API
Delaware,DE,2023,Q3,307.1935475937807,2023-09-01,National_Estimate_BLS_API
Delaware,DE,2023,Q4,306.7086953201942,2023-12-01,National_Estimate_BLS_API
Delaware,DE,2024,Q1,310.2479821415724,2024-03-01,National_Estimate_BLS_API
Delaware,DE,2024,Q2,313.7654759894455,2024-06-01,National_Estimate_BLS_API
Delaware,DE,2024,Q3,315.67498407481884,2024-09-01,National_Estimate_BLS_API
Delaware,DE,2024,Q4,314.7908830458416,2024-12-01,National_Estimate_BLS_API
Delaware,DE,2025,Q1,319.2510079489303,2025-03-01,National_Estimate_BLS_API
Delaware,DE,2025,Q2,321.5828365855576,2025-06-01,National_Estimate_BLS_API
Delaware,DE,2025,Q3,322.98126587216655,2025-07-01,National_Estimate_BLS_API
District of Columbia,DC,2023,Q1,300.99520184422914,2023-03-01,National_Estimate_BLS_API
District of Columbia,DC,2023,Q2,303.6176567287158,2023-06-01,National_Estimate_BLS_API
District of Columbia,DC,2023,Q3,307.34060432332853,2023-09-01,National_Estimate_BLS_API
District of Columbia,DC,2023,Q4,307.3013933102704,2023-12-01,National_Estimate_BLS_API
District of Columbia,DC,2024,Q1,310.25207118964926,2024-03-01,National_Estimate_BLS_API
District of Columbia,DC,2024,Q2,313.8355924133852,2024-06-01,National_Estimate_BLS_API
District of Columbia,DC,2024,Q3,314.8211351107272,2024-09-01,National_Estimate_BLS_API
District of Columbia,DC,2024,Q4,315.6946982641123,2024-12-01,National_Estimate_BLS_API
District of Columbia,DC,2025,Q1,318.53130822660063,2025-03-01,National_Estimate_BLS_API
District of Columbia,DC,2025,Q2,321.6923025849986,2025-06-01,National_Estimate_BLS_API
District of Columbia,DC,2025,Q3,323.0111715737663,2025-07-01,National_Estimate_BLS_API
Florida,FL,2023,Q1,300.66066757631273,2023-03-01,National_Estimate_BLS_API
Florida,FL,2023,Q2,304.0035467411329,2023-06-01,National_Estimate_BLS_API
Florida,FL,2023,Q3,306.91274406735687,2023-09-01,National_Estimate_BLS_API
Florida,FL,2023,Q4,306.953250942719,2023-12-01,National_Estimate_BLS_API
Florida,FL,2024,Q1,310.95486563811744,2024-03-01,National_Estimate_BLS_API
Florida,FL,2024,Q2,313.5236701696661,2024-06-01,National_Estimate_BLS_API
Florida,FL,2024,Q3,314.3021524251087,2024-09-01,National_Estimate_BLS_API
Florida,FL,2024,Q4,315.9126337472284,2024-12-01,National_Estimate_BLS_API
Florida,FL,2025,Q1,319.3122460437562,2025-03-01,National_Estimate_BLS_API
Florida,FL,2025,Q2,321.9068697121486,2025-06-01,National_Estimate_BLS_API
Florida,FL,2025,Q3,322.5787553842201,2025-07-01,National_Estimate_BLS_API
Georgia,GA,2023,Q1,300.9618887306713,2023-03-01,National_Estimate_BLS_API
Georgia,GA,2023,Q2,304.21053931183934,2023-06-01,National_Estimate_BLS_API
Georgia,GA,2023,Q3,306.93018970228565,2023-09-01,National_Estimate_BLS_API
Georgia,GA,2023,Q4,307.2027602068776,2023-12-01,National_Estimate_BLS_API
Georgia,GA,2024,Q1,310.2232141720786,2024-03-01,National_Estimate_BLS_API
Georgia,GA,2024,Q2,313.91432563010466,2024-06-01,National_Estimate_BLS_API
Georgia,GA,2024,Q3,314.8630352145852,2024-09-01,National_Estimate_BLS_API
Georgia,GA,2024,Q4,315.8983852749386,2024-12-01,National_Estimate_BLS_API
Georgia,GA,2025,Q1,318.83540926707786,2025-03-01,National_Estimate_BLS_API
Georgia,GA,2025,Q2,321.8536633269912,2025-06-01,National_Estimate_BLS_API
Georgia,GA,2025,Q3,323.47126466497576,2025-07-01,National_Estimate_BLS_API
Hawaii,HI,2023,Q1,300.51197185960905,2023-03-01,National_Estimate_BLS_API
Hawaii,HI,2023,Q2,304.2834849688779,2023-06-01,National_Estimate_BLS_API
Hawaii,HI,2023,Q3,306.68230104938334,2023-09-01,National_Estimate_BLS_API
Hawaii,HI,2023,Q4,307.2237872733402,2023-12-01,National_Estimate_BLS_API
Hawaii,HI,2024,Q1,310.15315323557314,2024-03-01,National_Estimate_BLS_API
Hawaii,HI,2024,Q2,313.9089708161245,2024-06-01,National_Estimate_BLS_API
Hawaii,HI,2024,Q3,314.8474759895328,2024-09-01,National_Estimate_BLS_API
Hawaii,HI,2024,Q4,315.5087531902515,2024-12-01,National_Estimate_BLS_API
Hawaii,HI,2025,Q1,318.9316645374586,2025-03-01,National_Estimate_BLS_API
Hawaii,HI,2025,Q2,321.62107502894634,2025-06-01,National_Estimate_BLS_API
Hawaii,HI,2025,Q3,322.1697465062365,2025-07-01,National_Estimate_BLS_API
Idaho,ID,2023,Q1,300.7885556770303,2023-03-01,National_Estimate_BLS_API
Idaho,ID,2023,Q2,304.37583342468514,2023-06-01,National_Estimate_BLS_API
Idaho,ID,2023,Q3,307.006970510959,2023-09-01,National_Estimate_BLS_API
Idaho,ID,2023,Q4,307.1547136583568,2023-12-01,National_Estimate_BLS_API
Idaho,ID,2024,Q1,310.15527574119227,2024-03-01,National_Estimate_BLS_API
Idaho,ID,2024,Q2,313.6685059532287,2024-06-01,National_Estimate_BLS_API
Idaho,ID,2024,Q3,314.8190052208334,2024-09-01,National_Estimate_BLS_API
Idaho,ID,2024,Q4,315.5383794053077,2024-12-01,National_Estimate_BLS_API
Idaho,ID,2025,Q1,318.8341904310761,2025-03-01,National_Estimate_BLS_API
Idaho,ID,2025,Q2,321.9704191581142,2025-06-01,National_Estimate_BLS_API
Idaho,ID,2025,Q3,322.86546973736716,2025-07-01,National_Estimate_BLS_API
Illinois,IL,2023,Q1,300.9756954485053,2023-03-01,National_Estimate_BLS_API
Illinois,IL,2023,Q2,304.285862321418,2023-06-01,National_Estimate_BLS_API
Illinois,IL,2023,Q3,307.1553102494494,2023-09-01,National_Estimate_BLS_API
Illinois,IL,2023,Q4,307.71171445337495,2023-12-01,National_Estimate_BLS_API
Illinois,IL,2024,Q1,310.23458606057443,2024-03-01,National_Estimate_BLS_API
Illinois,IL,2024,Q2,313.9904820038621,2024-06-01,National_Estimate_BLS_API
Illinois,IL,2024,Q3,315.0006783292106,2024-09-01,National_Estimate_BLS_API
Illinois,IL,2024,Q4,315.56815797000144,2024-12-01,National_Estimate_BLS_API
Illinois,IL,2025,Q1,318.9958829437177,2025-03-01,National_Estimate_BLS_API
Illinois,IL,2025,Q2,321.49017818800104,2025-06-01,National_Estimate_BLS_API
Illinois,IL,2025,Q3,323.4514123722666,2025-07-01,National_Estimate_BLS_API
Indiana,IN,2023,Q1,300.06674333311753,2023-03-01,National_Estimate_BLS_API
Indiana,IN,2023,Q2,304.14467088636974,2023-06-01,National_Estimate_BLS_API
Indiana,IN,2023,Q3,307.0774603407884,2023-09-01,National_Estimate_BLS_API
Indiana,IN,2023,Q4,307.1784276801762,2023-12-01,National_Estimate_BLS_API
Indiana,IN,2024,Q1,310.17764760716454,2024-03-01,National_Estimate_BLS_API
Indiana,IN,2024,Q2,314.0851429943873,2024-06-01,National_Estimate_BLS_API
Indiana,IN,2024,Q3,314.54320481081476,2024-09-01,National_Estimate_BLS_API
Indiana,IN,2024,Q4,315.82914434729076,2024-12-01,National_Estimate_BLS_API
Indiana,IN,2025,Q1,319.08231629881294,2025-03-01,National_Estimate_BLS_API
Indiana,IN,2025,Q2,321.5685927627974,2025-06-01,National_Estimate_BLS_API
Indiana,IN,2025,Q3,322.9586001248294,2025-07-01,National_Estimate_BLS_API
Iowa,IA,2023,Q1,300.5612165439646,2023-03-01,National_Estimate_BLS_API
Iowa,IA,2023,Q2,304.48570431573484,2023-06-01,National_Estimate_BLS_API
Iowa,IA,2023,Q3,306.768324069799,2023-09-01,National_Estimate_BLS_API
Iowa,IA,2023,Q4,307.0153052236669,2023-12-01,National_Estimate_BLS_API
Iowa,IA,2024,Q1,310.5228520392392,2024-03-01,National_Estimate_BLS_API
Iowa,IA,2024,Q2,314.30272302557796,2024-06-01,National_Estimate_BLS_API
Iowa,IA,2024,Q3,314.3539040400189,2024-09-01,National_Estimate_BLS_API
Iowa,IA,2024,Q4,315.4772861272747,2024-12-01,National_Estimate_BLS_API
Iowa,IA,2025,Q1,319.01367463112547,2025-03-01,National_Estimate_BLS_API
Iowa,IA,2025,Q2,321.8688196015434,2025-06-01,National_Estimate_BLS_API
Iowa,IA,2025,Q3,322.9409318974401,2025-07-01,National_Estimate_BLS_API
Kansas,KS,2023,Q1,300.64012715272185,2023-03-01,National_Estimate_BLS_API
Kansas,KS,2023,Q2,304.17022654338524,2023-06-01,National_Estimate_BLS_API
Kansas,KS,2023,Q3,306.9105739991787,2023-09-01,National_Estimate_BLS_API
Kansas,KS,2023,Q4,306.97343181256855,2023-12-01,National_Estimate_BLS_API
Kansas,KS,2024,Q1,310.76834011944794,2024-03-01,National_Estimate_BLS_API
Kansas,KS,2024,Q2,313.8650416586463,2024-06-01,National_Estimate_BLS_API
Kansas,KS,2024,Q3,315.1389124344422,2024-09-01,National_Estimate_BLS_API
Kansas,KS,2024,Q4,315.4406614819536,2024-12-01,National_Estimate_BLS_API
Kansas,KS,2025,Q1,318.9045107052004,2025-03-01,National_Estimate_BLS_API
Kansas,KS,2025,Q2,321.43349115641195,2025-06-01,National_Estimate_BLS_API
Kansas,KS,2025,Q3,322.79093670254764,2025-07-01,National_Estimate_BLS_API
Kentucky,KY,2023,Q1,300.29355905962103,2023-03-01,National_Estimate_BLS_API
Kentucky,KY,2023,Q2,304.01883028552857,2023-06-01,National_Estimate_BLS_API
Kentucky,KY,2023,Q3,306.9649660870759,2023-09-01,National_Estimate_BLS_API
Kentucky,KY,2023,Q4,306.72116439471046,2023-12-01,National_Estimate_BLS_API
Kentucky,KY,2024,Q1,310.73022666086274,2024-03-01,National_Estimate_BLS_API
Kentucky,KY,2024,Q2,313.7688115907512,2024-06-01,National_Estimate_BLS_API
Kentucky,KY,2024,Q3,314.96037880546305,2024-09-01,National_Estimate_BLS_API
Kentucky,KY,2024,Q4,315.36983961245954,2024-12-01,National_Estimate_BLS_API
Kentucky,KY,2025,Q1,318.64161103200314,2025-03-01,National_Estimate_BLS_API
Kentucky,KY,2025,Q2,321.01547871116327,2025-06-01,National_Estimate_BLS_API
Kentucky,KY,2025,Q3,323.4314683555584,2025-07-01,National_Estimate_BLS_API
Louisiana,LA,2023,Q1,300.1703624484242,2023-03-01,National_Estimate_BLS_API
Louisiana,LA,2023,Q2,304.3468739571729,2023-06-01,National_Estimate_BLS_API
Louisiana,LA,2023,Q3,306.89922370596537,2023-09-01,National_Estimate_BLS_API
Louisiana,LA,2023,Q4,306.8772896689449,2023-12-01,National_Estimate_BLS_API
Louisiana,LA,2024,Q1,310.1562945585985,2024-03-01,National_Estimate_BLS_API
Louisiana,LA,2024,Q2,313.75766730076197,2024-06-01,National_Estimate_BLS_API
Louisiana,LA,2024,Q3,314.87130827280856,2024-09-01,National_Estimate_BLS_API
Louisiana,LA,2024,Q4,316.24773760803345,2024-12-01,National_Estimate_BLS_API
Louisiana,LA,2025,Q1,319.1935380850277,2025-03-01,National_Estimate_BLS_API
Louisiana,LA,2025,Q2,321.3424666005939,2025-06-01,National_Estimate_BLS_API
Louisiana,LA,2025,Q3,322.54767753031626,2025-07-01,National_Estimate_BLS_API
Maine,ME,2023,Q1,300.93712963928607,2023-03-01,National_Estimate_BLS_API
Maine,ME,2023,Q2,304.049848307118,2023-06-01,National_Estimate_BLS_API
Maine,ME,2023,Q3,306.54607485482194,2023-09-01,National_Estimate_BLS_API
Maine,ME,2023,Q4,307.54471963901807,2023-12-01,National_Estimate_BLS_API
Maine,ME,2024,Q1,310.35858698540636,2024-03-01,National_Estimate_BLS_API
Maine,ME,2024,Q2,313.7876833730248,2024-06-01,National_Estimate_BLS_API
Maine,ME,2024,Q3,314.75442299888255,2024-09-01,National_Estimate_BLS_API
Maine,ME,2024,Q4,315.59398764456733,2024-12-01,National_Estimate_BLS_API
Maine,ME,2025,Q1,318.73485799315404,2025-03-01,National_Estimate_BLS_API
Maine,ME,2025,Q2,321.6877137931115,2025-06-01,National_Estimate_BLS_API
Maine,ME,2025,Q3,323.06300769411126,2025-07-01,National_Estimate_BLS_API
Maryland,MD,2023,Q1,300.68710519273907,2023-03-01,National_Estimate_BLS_API
Maryland,MD,2023,Q2,304.2618801503275,2023-06-01,National_Estimate_BLS_API
Maryland,MD,2023,Q3,307.2275780026636,2023-09-01,National_Estimate_BLS_API
Maryland,MD,2023,Q4,306.91604242487045,2023-12-01,National_Estimate_BLS_API
Maryland,MD,2024,Q1,310.4868539446015,2024-03-01,National_Estimate_BLS_API
Maryland,MD,2024,Q2,314.04220563360144,2024-06-01,National_Estimate_BLS_API
Maryland,MD,2024,Q3,315.0728947443923,2024-09-01,National_Estimate_BLS_API
Maryland,MD,2024,Q4,315.82103244301624,2024-12-01,National_Estimate_BLS_API
Maryland,MD,2025,Q1,318.5826719252923,2025-03-01,National_Estimate_BLS_API
Maryland,MD,2025,Q2,321.6538247755786,2025-06-01,National_Estimate_BLS_API
Maryland,MD,2025,Q3,322.77384642539437,2025-07-01,National_Estimate_BLS_API
Massachusetts,MA,2023,Q1,300.79610491718233,2023-03-01,National_Estimate_BLS_API
Massachusetts,MA,2023,Q2,304.56786905113245,2023-06-01,National_Estimate_BLS_API
Massachusetts,MA,2023,Q3,306.842385097781,2023-09-01,National_Estimate_BLS_API
Massachusetts,MA,2023,Q4,306.813331060471,2023-12-01,National_Estimate_BLS_API
Massachusetts,MA,2024,Q1,310.56259304682527,2024-03-01,National_Estimate_BLS_API
Massachusetts,MA,2024,Q2,313.824465472557,2024-06-01,National_Estimate_BLS_API
Massachusetts,MA,2024,Q3,314.95612277548474,2024-09-01,National_Estimate_BLS_API
Massachusetts,MA,2024,Q4,315.97240404065366,2024-12-01,National_Estimate_BLS_API
Massachusetts,MA,2025,Q1,318.7442726820445,2025-03-01,National_Estimate_BLS_API
Massachusetts,MA,2025,Q2,321.4328395361415,2025-06-01,National_Estimate_BLS_API
Massachusetts,MA,2025,Q3,322.50307828954897,2025-07-01,National_Estimate_BLS_API
Michigan,MI,2023,Q1,301.2627779886728,2023-03-01,National_Estimate_BLS_API
Michigan,MI,2023,Q2,304.33418127962744,2023-06-01,National_Estimate_BLS_API
Michigan,MI,2023,Q3,306.96069155374806,2023-09-01,National_Estimate_BLS_API
Michigan,MI,2023,Q4,307.00204553336425,2023-12-01,National_Estimate_BLS_API
Michigan,MI,2024,Q1,309.8674632876273,2024-03-01,National_Estimate_BLS_API
Michigan,MI,2024,Q2,314.02431625944644,2024-06-01,National_Estimate_BLS_API
Michigan,MI,2024,Q3,315.05494728234953,2024-09-01,National_Estimate_BLS_API
Michigan,MI,2024,Q4,315.52432991230035,2024-12-01,National_Estimate_BLS_API
Michigan,MI,2025,Q1,318.73920102426047,2025-03-01,National_Estimate_BLS_API
Michigan,MI,2025,Q2,321.8270942039462,2025-06-01,National_Estimate_BLS_API
Michigan,MI,2025,Q3,323.5611068375176,2025-07-01,National_Estimate_BLS_API
Minnesota,MN,2023,Q1,299.82559609305446,2023-03-01,National_Estimate_BLS_API
Minnesota,MN,2023,Q2,304.2624301201506,2023-06-01,National_Estimate_BLS_API
Minnesota,MN,2023,Q3,306.8174011911471,2023-09-01,National_Estimate_BLS_API
Minnesota,MN,2023,Q4,307.068459958603,2023-12-01,National_Estimate_BLS_API
Minnesota,MN,2024,Q1,310.7733009278383,2024-03-01,National_Estimate_BLS_API
Minnesota,MN,2024,Q2,313.7742384900022,2024-06-01,National_Estimate_BLS_API
Minnesota,MN,2024,Q3,314.44128053353415,2024-09-01,National_Estimate_BLS_API
Minnesota,MN,2024,Q4,315.72189902663746,2024-12-01,National_Estimate_BLS_API
Minnesota,MN,2025,Q1,319.19070724649447,2025-03-01,National_Estimate_BLS_API
Minnesota,MN,2025,Q2,322.22210529714164,2025-06-01,National_Estimate_BLS_API
Minnesota,MN,2025,Q3,323.0250160062494,2025-07-01,National_Estimate_BLS_API
Mississippi,MS,2023,Q1,300.61037658303894,2023-03-01,National_Estimate_BLS_API
Mississippi,MS,2023,Q2,304.0491674951536,2023-06-01,National_Estimate_BLS_API
Mississippi,MS,2023,Q3,306.6651255101654,2023-09-01,National_Estimate_BLS_API
Mississippi,MS,2023,Q4,306.5222516402387,2023-12-01,National_Estimate_BLS_API
Mississippi,MS,2024,Q1,310.76114239768725,2024-03-01,National_Estimate_BLS_API
Mississippi,MS,2024,Q2,314.2056445292381,2024-06-01,National_Estimate_BLS_API
Mississippi,MS,2024,Q3,315.05858797679804,2024-09-01,National_Estimate_BLS_API
Mississippi,MS,2024,Q4,315.71664659883874,2024-12-01,National_Estimate_BLS_API
Mississippi,MS,2025,Q1,319.0277595723347,2025-03-01,National_Estimate_BLS_API
Mississippi,MS,2025,Q2,321.5098652193212,2025-06-01,National_Estimate_BLS_API
Mississippi,MS,2025,Q3,322.70486911034396,2025-07-01,National_Estimate_BLS_API
Missouri,MO,2023,Q1,300.5289117888299,2023-03-01,National_Estimate_BLS_API
Missouri,MO,2023,Q2,304.5965648412339,2023-06-01,National_Estimate_BLS_API
Missouri,MO,2023,Q3,307.54881396155673,2023-09-01,National_Estimate_BLS_API
Missouri,MO,2023,Q4,306.9116961201032,2023-12-01,National_Estimate_BLS_API
Missouri,MO,2024,Q1,310.07031967811344,2024-03-01,National_Estimate_BLS_API
Missouri,MO,2024,Q2,313.7608179924054,2024-06-01,National_Estimate_BLS_API
Missouri,MO,2024,Q3,314.12935929382223,2024-09-01,National_Estimate_BLS_API
Missouri,MO,2024,Q4,316.0404699687369,2024-12-01,National_Estimate_BLS_API
Missouri,MO,2025,Q1,318.84670123640836,2025-03-01,National_Estimate_BLS_API
Missouri,MO,2025,Q2,321.7851726166643,2025-06-01,National_Estimate_BLS_API
Missouri,MO,2025,Q3,323.00903305556466,2025-07-01,National_Estimate_BLS_API
Montana,MT,2023,Q1,300.67240768082644,2023-03-01,National_Estimate_BLS_API
Montana,MT,2023,Q2,303.5327744447413,2023-06-01,National_Estimate_BLS_API
Montana,MT,2023,Q3,306.9580168974233,2023-09-01,National_Estimate_BLS_API
Montana,MT,2023,Q4,307.54861930997646,2023-12-01,National_Estimate_BLS_API
Montana,MT,2024,Q1,310.4646549506833,2024-03-01,National_Estimate_BLS_API
Montana,MT,2024,Q2,314.0068864501432,2024-06-01,National_Estimate_BLS_API
Montana,MT,2024,Q3,315.274469259672,2024-09-01,National_Estimate_BLS_API
Montana,MT,2024,Q4,315.72390463001346,2024-12-01,National_Estimate_BLS_API
Montana,MT,2025,Q1,318.5155690608087,2025-03-01,National_Estimate_BLS_API
Montana,MT,2025,Q2,321.78356245404547,2025-06-01,National_Estimate_BLS_API
Montana,MT,2025,Q3,323.3261971935896,2025-07-01,National_Estimate_BLS_API
Nebraska,NE,2023,Q1,300.38905689804795,2023-03-01,National_Estimate_BLS_API
Nebraska,NE,2023,Q2,303.70646621135285,2023-06-01,National_Estimate_BLS_API
Nebraska,NE,2023,Q3,306.762346713803,2023-09-01,National_Estimate_BLS_API
Nebraska,NE,2023,Q4,306.99581519506904,2023-12-01,National_Estimate_BLS_API
Nebraska,NE,2024,Q1,309.78655721317284,2024-03-01,National_Estimate_BLS_API
Nebraska,NE,2024,Q2,313.8783617556378,2024-06-01,National_Estimate_BLS_API
Nebraska,NE,2024,Q3,315.0236431667973,2024-09-01,National_Estimate_BLS_API
Nebraska,NE,2024,Q4,315.64136336109937,2024-12-01,National_Estimate_BLS_API
Nebraska,NE,2025,Q1,319.2826773298443,2025-03-01,National_Estimate_BLS_API
Nebraska,NE,2025,Q2,321.6178165978195,2025-06-01,National_Estimate_BLS_API
Nebraska,NE,2025,Q3,323.34923083509443,2025-07-01,National_Estimate_BLS_API
Nevada,NV,2023,Q1,301.05323291510655,2023-03-01,National_Estimate_BLS_API
Nevada,NV,2023,Q2,303.89700482470977,2023-06-01,National_Estimate_BLS_API
Nevada,NV,2023,Q3,306.8380804880334,2023-09-01,National_Estimate_BLS_API
Nevada,NV,2023,Q4,307.41215764925465,2023-12-01,National_Estimate_BLS_API
Nevada,NV,2024,Q1,310.4404645805445,2024-03-01,National_Estimate_BLS_API
Nevada,NV,2024,Q2,314.6267685149382,2024-06-01,National_Estimate_BLS_API
Nevada,NV,2024,Q3,315.77073390454433,2024-09-01,National_Estimate_BLS_API
Nevada,NV,2024,Q4,315.35031394825074,2024-12-01,National_Estimate_BLS_API
Nevada,NV,2025,Q1,318.6469510542492,2025-03-01,National_Estimate_BLS_API
Nevada,NV,2025,Q2,322.04541980504445,2025-06-01,National_Estimate_BLS_API
Nevada,NV,2025,Q3,323.0254068850946,2025-07-01,National_Estimate_BLS_API
New Hampshire,NH,2023,Q1,300.6461298899421,2023-03-01,National_Estimate_BLS_API
New Hampshire,NH,2023,Q2,303.7565121658602,2023-06-01,National_Estimate_BLS_API
New Hampshire,NH,2023,Q3,306.7498868857147,2023-09-01,National_Estimate_BLS_API
New Hampshire,NH,2023,Q4,307.11781990656436,2023-12-01,National_Estimate_BLS_API
New Hampshire,NH,2024,Q1,309.8992198311476,2024-03-01,National_Estimate_BLS_API
New Hampshire,NH,2024,Q2,314.12272763987056,2024-06-01,National_Estimate_BLS_API
New Hampshire,NH,2024,Q3,315.0172436121839,2024-09-01,National_Estimate_BLS_API
New Hampshire,NH,2024,Q4,315.0217869754005,2024-12-01,National_Estimate_BLS_API
New Hampshire,NH,2025,Q1,318.81817156119024,2025-03-01,National_Estimate_BLS_API
New Hampshire,NH,2025,Q2,321.4598323211689,2025-06-01,National_Estimate_BLS_API
New Hampshire,NH,2025,Q3,322.90798201344535,2025-07-01,National_Estimate_BLS_API
New Jersey,NJ,2023,Q1,300.3831584319355,2023-03-01,National_Estimate_BLS_API
New Jersey,NJ,2023,Q2,304.42188726806984,2023-06-01,National_Estimate_BLS_API
New Jersey,NJ,2023,Q3,306.8350343401163,2023-09-01,National_Estimate_BLS_API
New Jersey,NJ,2023,Q4,307.10684682078477,2023-12-01,National_Estimate_BLS_API
New Jersey,NJ,2024,Q1,309.90160081437597,2024-03-01,National_Estimate_BLS_API
New Jersey,NJ,2024,Q2,313.96911140152446,2024-06-01,National_Estimate_BLS_API
New Jersey,NJ,2024,Q3,314.3370959033328,2024-09-01,National_Estimate_BLS_API
New Jersey,NJ,2024,Q4,315.3662345462868,2024-12-01,National_Estimate_BLS_API
New Jersey,NJ,2025,Q1,318.47412718600634,2025-03-01,National_Estimate_BLS_API
New Jersey,NJ,2025,Q2,322.0818328416949,2025-06-01,National_Estimate_BLS_API
New Jersey,NJ,2025,Q3,323.35147048621053,2025-07-01,National_Estimate_BLS_API
New Mexico,NM,2023,Q1,300.0365848649333,2023-03-01,National_Estimate_BLS_API
New Mexico,NM,2023,Q2,303.94071863397716,2023-06-01,National_Estimate_BLS_API
New Mexico,NM,2023,Q3,306.9289613896981,2023-09-01,National_Estimate_BLS_API
New Mexico,NM,2023,Q4,307.2139962829221,2023-12-01,National_Estimate_BLS_API
New Mexico,NM,2024,Q1,310.5199817107094,2024-03-01,National_Estimate_BLS_API
New Mexico,NM,2024,Q2,313.4585682573333,2024-06-01,National_Estimate_BLS_API
New Mexico,NM,2024,Q3,314.7542686010626,2024-09-01,National_Estimate_BLS_API
New Mexico,NM,2024,Q4,315.67170178287637,2024-12-01,National_Estimate_BLS_API
New Mexico,NM,2025,Q1,319.0380234550075,2025-03-01,National_Estimate_BLS_API
New Mexico,NM,2025,Q2,321.5600896453612,2025-06-01,National_Estimate_BLS_API
New Mexico,NM,2025,Q3,323.2033266506091,2025-07-01,National_Estimate_BLS_API
New York,NY,2023,Q1,318.82800000000003,2023-03-01,BLS_API
New York,NY,2023,Q2,320.16766666666666,2023-06-01,BLS_API
New York,NY,2023,Q3,324.163,2023-09-01,BLS_API
New York,NY,2023,Q4,324.833,2023-12-01,BLS_API
New York,NY,2024,Q1,328.8136666666667,2024-03-01,BLS_API
New York,NY,2024,Q2,332.895,2024-06-01,BLS_API
New York,NY,2024,Q3,336.68833333333333,2024-09-01,BLS_API
New York,NY,2024,Q4,338.437,2024-12-01,BLS_API
New York,NY,2025,Q1,341.99500000000006,2025-03-01,BLS_API
New York,NY,2025,Q2,344.75500000000005,2025-06-01,BLS_API
New York,NY,2025,Q3,346.385,2025-07-01,BLS_API
North Carolina,NC,2023,Q1,300.5943399410689,2023-03-01,National_Estimate_BLS_API
North Carolina,NC,2023,Q2,304.40270361278937,2023-06-01,National_Estimate_BLS_API
North Carolina,NC,2023,Q3,306.6063071844731,2023-09-01,National_Estimate_BLS_API
North Carolina,NC,2023,Q4,306.9906439705956,2023-12-01,National_Estimate_BLS_API
North Carolina,NC,2024,Q1,310.0990841638582,2024-03-01,National_Estimate_BLS_API
North Carolina,NC,2024,Q2,313.5515770249993,2024-06-01,National_Estimate_BLS_API
North Carolina,NC,2024,Q3,315.0492807502713,2024-09-01,National_Estimate_BLS_API
North Carolina,NC,2024,Q4,315.40710812618823,2024-12-01,National_Estimate_BLS_API
North Carolina,NC,2025,Q1,318.8281311712389,2025-03-01,National_Estimate_BLS_API
North Carolina,NC,2025,Q2,321.70390410754544,2025-06-01,National_Estimate_BLS_API
North Carolina,NC,2025,Q3,323.26770377485366,2025-07-01,National_Estimate_BLS_API
North Dakota,ND,2023,Q1,300.7786686079011,2023-03-01,National_Estimate_BLS_API
North Dakota,ND,2023,Q2,304.11990400789807,2023-06-01,National_Estimate_BLS_API
North Dakota,ND,2023,Q3,307.0942973595034,2023-09-01,National_Estimate_BLS_API
North Dakota,ND,2023,Q4,307.0015680275275,2023-12-01,National_Estimate_BLS_API
North Dakota,ND,2024,Q1,310.10103322393053,2024-03-01,National_Estimate_BLS_API
North Dakota,ND,2024,Q2,313.8842810049468,2024-06-01,National_Estimate_BLS_API
North Dakota,ND,2024,Q3,315.1418116034743,2024-09-01,National_Estimate_BLS_API
North Dakota,ND,2024,Q4,315.7547342473651,2024-12-01,National_Estimate_BLS_API
North Dakota,ND,2025,Q1,318.63280140542605,2025-03-01,National_Estimate_BLS_API
North Dakota,ND,2025,Q2,321.3732600860646,2025-06-01,National_Estimate_BLS_API
North Dakota,ND,2025,Q3,322.7014416316732,2025-07-01,National_Estimate_BLS_API
Ohio,OH,2023,Q1,300.73761049088506,2023-03-01,National_Estimate_BLS_API
Ohio,OH,2023,Q2,303.7882395933986,2023-06-01,National_Estimate_BLS_API
Ohio,OH,2023,Q3,306.4802702976258,2023-09-01,National_Estimate_BLS_API
Ohio,OH,2023,Q4,306.99887799723723,2023-12-01,National_Estimate_BLS_API
Ohio,OH,2024,Q1,309.8047392022526,2024-03-01,National_Estimate_BLS_API
Ohio,OH,2024,Q2,313.60699091028374,2024-06-01,National_Estimate_BLS_API
Ohio,OH,2024,Q3,314.6581684675422,2024-09-01,National_Estimate_BLS_API
Ohio,OH,2024,Q4,315.48680175175235,2024-12-01,National_Estimate_BLS_API
Ohio,OH,2025,Q1,318.79578429588474,2025-03-01,National_Estimate_BLS_API
Ohio,OH,2025,Q2,321.5199748143502,2025-06-01,National_Estimate_BLS_API
Ohio,OH,2025,Q3,323.06735646921686,2025-07-01,National_Estimate_BLS_API
Oklahoma,OK,2023,Q1,300.3669642302714,2023-03-01,National_Estimate_BLS_API
Oklahoma,OK,2023,Q2,304.11754577126516,2023-06-01,National_Estimate_BLS_API
Oklahoma,OK,2023,Q3,307.01832584114254,2023-09-01,National_Estimate_BLS_API
Oklahoma,OK,2023,Q4,307.25007307093693,2023-12-01,National_Estimate_BLS_API
Oklahoma,OK,2024,Q1,310.612981547816,2024-03-01,National_Estimate_BLS_API
Oklahoma,OK,2024,Q2,313.86233101486727,2024-06-01,National_Estimate_BLS_API
Oklahoma,OK,2024,Q3,314.68582722993716,2024-09-01,National_Estimate_BLS_API
Oklahoma,OK,2024,Q4,315.76126379229527,2024-12-01,National_Estimate_BLS_API
Oklahoma,OK,2025,Q1,318.99521890702016,2025-03-01,National_Estimate_BLS_API
Oklahoma,OK,2025,Q2,321.4326895554298,2025-06-01,National_Estimate_BLS_API
Oklahoma,OK,2025,Q3,322.9405711320315,2025-07-01,National_Estimate_BLS_API
Oregon,OR,2023,Q1,300.25206662682064,2023-03-01,National_Estimate_BLS_API
Oregon,OR,2023,Q2,304.0547147843697,2023-06-01,National_Estimate_BLS_API
Oregon,OR,2023,Q3,306.91464692537966,2023-09-01,National_Estimate_BLS_API
Oregon,OR,2023,Q4,307.3568635423408,2023-12-01,National_Estimate_BLS_API
Oregon,OR,2024,Q1,309.970402861467,2024-03-01,National_Estimate_BLS_API
Oregon,OR,2024,Q2,314.06324293159736,2024-06-01,National_Estimate_BLS_API
Oregon,OR,2024,Q3,314.64150729538727,2024-09-01,National_Estimate_BLS_API
Oregon,OR,2024,Q4,315.9834846818451,2024-12-01,National_Estimate_BLS_API
Oregon,OR,2025,Q1,318.98619166461543,2025-03-01,National_Estimate_BLS_API
Oregon,OR,2025,Q2,321.5776538622097,2025-06-01,National_Estimate_BLS_API
Oregon,OR,2025,Q3,323.4586111252447,2025-07-01,National_Estimate_BLS_API
Pennsylvania,PA,2023,Q1,300.3929751794735,2023-03-01,National_Estimate_BLS_API
Pennsylvania,PA,2023,Q2,304.6756641632583,2023-06-01,National_Estimate_BLS_API
Pennsylvania,PA,2023,Q3,306.86427267833363,2023-09-01,National_Estimate_BLS_API
Pennsylvania,PA,2023,Q4,307.3747447103586,2023-12-01,National_Estimate_BLS_API
Pennsylvania,PA,2024,Q1,309.9859714517822,2024-03-01,National_Estimate_BLS_API
Pennsylvania,PA,2024,Q2,313.8069521402208,2024-06-01,National_Estimate_BLS_API
Pennsylvania,PA,2024,Q3,315.04000690419804,2024-09-01,National_Estimate_BLS_API
Pennsylvania,PA,2024,Q4,315.9607046529055,2024-12-01,National_Estimate_BLS_API
Pennsylvania,PA,2025,Q1,319.1195786544357,2025-03-01,National_Estimate_BLS_API
Pennsylvania,PA,2025,Q2,322.04420472090413,2025-06-01,National_Estimate_BLS_API
Pennsylvania,PA,2025,Q3,322.99103875536537,2025-07-01,National_Estimate_BLS_API
Rhode Island,RI,2023,Q1,300.50460772918683,2023-03-01,National_Estimate_BLS_API
Rhode Island,RI,2023,Q2,303.9150963763695,2023-06-01,National_Estimate_BLS_API
Rhode Island,RI,2023,Q3,306.5967582146521,2023-09-01,National_Estimate_BLS_API
Rhode Island,RI,2023,Q4,307.10710352272173,2023-12-01,National_Estimate_BLS_API
Rhode Island,RI,2024,Q1,309.8054553998422,2024-03-01,National_Estimate_BLS_API
Rhode Island,RI,2024,Q2,313.77480792084697,2024-06-01,National_Estimate_BLS_API
Rhode Island,RI,2024,Q3,314.5166552914723,2024-09-01,National_Estimate_BLS_API
Rhode Island,RI,2024,Q4,315.988259633875,2024-12-01,National_Estimate_BLS_API
Rhode Island,RI,2025,Q1,319.01416647544244,2025-03-01,National_Estimate_BLS_API
Rhode Island,RI,2025,Q2,321.3414898478673,2025-06-01,National_Estimate_BLS_API
Rhode Island,RI,2025,Q3,323.42021790844785,2025-07-01,National_Estimate_BLS_API
South Carolina,SC,2023,Q1,300.73713013236517,2023-03-01,National_Estimate_BLS_API
South Carolina,SC,2023,Q2,304.39724992125844,2023-06-01,National_Estimate_BLS_API
South Carolina,SC,2023,Q3,306.697606370645,2023-09-01,National_Estimate_BLS_API
South Carolina,SC,2023,Q4,307.19395137093176,2023-12-01,National_Estimate_BLS_API
South Carolina,SC,2024,Q1,310.6897137884567,2024-03-01,National_Estimate_BLS_API
South Carolina,SC,2024,Q2,313.9918287186014,2024-06-01,National_Estimate_BLS_API
South Carolina,SC,2024,Q3,314.79242057454996,2024-09-01,National_Estimate_BLS_API
South Carolina,SC,2024,Q4,315.64361463361047,2024-12-01,National_Estimate_BLS_API
South Carolina,SC,2025,Q1,319.13768135511185,2025-03-01,National_Estimate_BLS_API
South Carolina,SC,2025,Q2,321.69911951440946,2025-06-01,National_Estimate_BLS_API
South Carolina,SC,2025,Q3,322.17700611149144,2025-07-01,National_Estimate_BLS_API
South Dakota,SD,2023,Q1,300.2650910917774,2023-03-01,National_Estimate_BLS_API
South Dakota,SD,2023,Q2,304.21183847601856,2023-06-01,National_Estimate_BLS_API
South Dakota,SD,2023,Q3,306.465255813283,2023-09-01,National_Estimate_BLS_API
South Dakota,SD,2023,Q4,307.2471054732437,2023-12-01,National_Estimate_BLS_API
South Dakota,SD,2024,Q1,310.5822965432529,2024-03-01,National_Estimate_BLS_API
South Dakota,SD,2024,Q2,313.8583880523989,2024-06-01,National_Estimate_BLS_API
South Dakota,SD,2024,Q3,314.94288581570896,2024-09-01,National_Estimate_BLS_API
South Dakota,SD,2024,Q4,315.33817488225606,2024-12-01,National_Estimate_BLS_API
South Dakota,SD,2025,Q1,319.2647381283457,2025-03-01,National_Estimate_BLS_API
South Dakota,SD,2025,Q2,321.1979933357873,2025-06-01,National_Estimate_BLS_API
South Dakota,SD,2025,Q3,322.6077187472494,2025-07-01,National_Estimate_BLS_API
Tennessee,TN,2023,Q1,300.5897539894752,2023-03-01,National_Estimate_BLS_API
Tennessee,TN,2023,Q2,303.9188217839604,2023-06-01,National_Estimate_BLS_API
Tennessee,TN,2023,Q3,306.4875415727119,2023-09-01,National_Estimate_BLS_API
Tennessee,TN,2023,Q4,306.7118478235713,2023-12-01,National_Estimate_BLS_API
Tennessee,TN,2024,Q1,310.00956075240583,2024-03-01,National_Estimate_BLS_API
Tennessee,TN,2024,Q2,313.9750784525186,2024-06-01,National_Estimate_BLS_API
Tennessee,TN,2024,Q3,314.79969138833445,2024-09-01,National_Estimate_BLS_API
Tennessee,TN,2024,Q4,315.56302387559106,2024-12-01,National_Estimate_BLS_API
Tennessee,TN,2025,Q1,318.56673108838385,2025-03-01,National_Estimate_BLS_API
Tennessee,TN,2025,Q2,321.45444502934157,2025-06-01,National_Estimate_BLS_API
Tennessee,TN,2025,Q3,324.34096003139734,2025-07-01,National_Estimate_BLS_API
Texas,TX,2023,Q1,300.85803329130954,2023-03-01,National_Estimate_BLS_API
Texas,TX,2023,Q2,303.83647917724636,2023-06-01,National_Estimate_BLS_API
Texas,TX,2023,Q3,306.4742911721435,2023-09-01,National_Estimate_BLS_API
Texas,TX,2023,Q4,307.32463018097684,2023-12-01,National_Estimate_BLS_API
Texas,TX,2024,Q1,310.67808629997154,2024-03-01,National_Estimate_BLS_API
Texas,TX,2024,Q2,313.95438129264863,2024-06-01,National_Estimate_BLS_API
Texas,TX,2024,Q3,314.78832165399314,2024-09-01,National_Estimate_BLS_API
Texas,TX,2024,Q4,315.7463167063709,2024-12-01,National_Estimate_BLS_API
Texas,TX,2025,Q1,318.673881113582,2025-03-01,National_Estimate_BLS_API
Texas,TX,2025,Q2,321.53076361525797,2025-06-01,National_Estimate_BLS_API
Texas,TX,2025,Q3,322.8539711370035,2025-07-01,National_Estimate_BLS_API
Utah,UT,2023,Q1,300.77450189966544,2023-03-01,National_Estimate_BLS_API
Utah,UT,2023,Q2,303.9907341351073,2023-06-01,National_Estimate_BLS_API
Utah,UT,2023,Q3,306.70443596916004,2023-09-01,National_Estimate_BLS_API
Utah,UT,2023,Q4,307.0230531725518,2023-12-01,National_Estimate_BLS_API
Utah,UT,2024,Q1,309.97881467673227,2024-03-01,National_Estimate_BLS_API
Utah,UT,2024,Q2,313.6147000793333,2024-06-01,National_Estimate_BLS_API
Utah,UT,2024,Q3,314.98645461261054,2024-09-01,National_Estimate_BLS_API
Utah,UT,2024,Q4,315.53221654878257,2024-12-01,National_Estimate_BLS_API
Utah,UT,2025,Q1,318.822875598653,2025-03-01,National_Estimate_BLS_API
Utah,UT,2025,Q2,321.8472617885023,2025-06-01,National_Estimate_BLS_API
Utah,UT,2025,Q3,323.1768462277889,2025-07-01,National_Estimate_BLS_API
Vermont,VT,2023,Q1,300.9144237115292,2023-03-01,National_Estimate_BLS_API
Vermont,VT,2023,Q2,303.8887888067298,2023-06-01,National_Estimate_BLS_API
Vermont,VT,2023,Q3,306.58853216639244,2023-09-01,National_Estimate_BLS_API
Vermont,VT,2023,Q4,306.90588329110574,2023-12-01,National_Estimate_BLS_API
Vermont,VT,2024,Q1,310.34297508976346,2024-03-01,National_Estimate_BLS_API
Vermont,VT,2024,Q2,313.4047508837077,2024-06-01,National_Estimate_BLS_API
Vermont,VT,2024,Q3,315.17172211876056,2024-09-01,National_Estimate_BLS_API
Vermont,VT,2024,Q4,315.362688133474,2024-12-01,National_Estimate_BLS_API
Vermont,VT,2025,Q1,319.1221136499536,2025-03-01,National_Estimate_BLS_API
Vermont,VT,2025,Q2,321.43722093634716,2025-06-01,National_Estimate_BLS_API
Vermont,VT,2025,Q3,323.0430901014011,2025-07-01,National_Estimate_BLS_API
Virginia,VA,2023,Q1,300.6444664515607,2023-03-01,National_Estimate_BLS_API
Virginia,VA,2023,Q2,304.1400978280553,2023-06-01,National_Estimate_BLS_API
Virginia,VA,2023,Q3,306.39477322666806,2023-09-01,National_Estimate_BLS_API
Virginia,VA,2023,Q4,306.96548812149075,2023-12-01,National_Estimate_BLS_API
Virginia,VA,2024,Q1,309.7219542115788,2024-03-01,National_Estimate_BLS_API
Virginia,VA,2024,Q2,313.66189372611706,2024-06-01,National_Estimate_BLS_API
Virginia,VA,2024,Q3,314.4961528275557,2024-09-01,National_Estimate_BLS_API
Virginia,VA,2024,Q4,315.3703985175834,2024-12-01,National_Estimate_BLS_API
Virginia,VA,2025,Q1,318.4524173033908,2025-03-01,National_Estimate_BLS_API
Virginia,VA,2025,Q2,321.08138269262713,2025-06-01,National_Estimate_BLS_API
Virginia,VA,2025,Q3,323.0306267617372,2025-07-01,National_Estimate_BLS_API
Washington,WA,2023,Q1,300.3965966305621,2023-03-01,National_Estimate_BLS_API
Washington,WA,2023,Q2,304.0780337581023,2023-06-01,National_Estimate_BLS_API
Washington,WA,2023,Q3,306.6110174120238,2023-09-01,National_Estimate_BLS_API
Washington,WA,2023,Q4,307.0501812973143,2023-12-01,National_Estimate_BLS_API
Washington,WA,2024,Q1,309.87674861852093,2024-03-01,National_Estimate_BLS_API
Washington,WA,2024,Q2,314.4867102246448,2024-06-01,National_Estimate_BLS_API
Washington,WA,2024,Q3,314.79064713929864,2024-09-01,National_Estimate_BLS_API
Washington,WA,2024,Q4,315.72396639401705,2024-12-01,National_Estimate_BLS_API
Washington,WA,2025,Q1,318.8207181471166,2025-03-01,National_Estimate_BLS_API
Washington,WA,2025,Q2,321.8988124466768,2025-06-01,National_Estimate_BLS_API
Washington,WA,2025,Q3,322.49181930092203,2025-07-01,National_Estimate_BLS_API
West Virginia,WV,2023,Q1,300.62454931472865,2023-03-01,National_Estimate_BLS_API
West Virginia,WV,2023,Q2,304.18303678090933,2023-06-01,National_Estimate_BLS_API
West Virginia,WV,2023,Q3,307.14211125467915,2023-09-01,National_Estimate_BLS_API
West Virginia,WV,2023,Q4,307.1008629191206,2023-12-01,National_Estimate_BLS_API
West Virginia,WV,2024,Q1,310.8152747031058,2024-03-01,National_Estimate_BLS_API
West Virginia,WV,2024,Q2,314.05333068020855,2024-06-01,National_Estimate_BLS_API
West Virginia,WV,2024,Q3,315.1557384503557,2024-09-01,National_Estimate_BLS_API
West Virginia,WV,2024,Q4,315.80016275247334,2024-12-01,National_Estimate_BLS_API
West Virginia,WV,2025,Q1,318.7261077166915,2025-03-01,National_Estimate_BLS_API
West Virginia,WV,2025,Q2,321.51154808081014,2025-06-01,National_Estimate_BLS_API
West Virginia,WV,2025,Q3,323.11055827205274,2025-07-01,National_Estimate_BLS_API
Wisconsin,WI,2023,Q1,301.4898279043852,2023-03-01,National_Estimate_BLS_API
Wisconsin,WI,2023,Q2,304.4448954063675,2023-06-01,National_Estimate_BLS_API
Wisconsin,WI,2023,Q3,306.3435230798343,2023-09-01,National_Estimate_BLS_API
Wisconsin,WI,2023,Q4,307.537794780276,2023-12-01,National_Estimate_BLS_API
Wisconsin,WI,2024,Q1,310.1208170200939,2024-03-01,National_Estimate_BLS_API
Wisconsin,WI,2024,Q2,313.8360467422782,2024-06-01,National_Estimate_BLS_API
Wisconsin,WI,2024,Q3,315.14150840786584,2024-09-01,National_Estimate_BLS_API
Wisconsin,WI,2024,Q4,315.54322230652065,2024-12-01,National_Estimate_BLS_API
Wisconsin,WI,2025,Q1,318.8390311282786,2025-03-01,National_Estimate_BLS_API
Wisconsin,WI,2025,Q2,321.7254348213736,2025-06-01,National_Estimate_BLS_API
Wisconsin,WI,2025,Q3,323.21386681189864,2025-07-01,National_Estimate_BLS_API
Wyoming,WY,2023,Q1,300.8731780021422,2023-03-01,National_Estimate_BLS_API
Wyoming,WY,2023,Q2,304.4097347193961,2023-06-01,National_Estimate_BLS_API
Wyoming,WY,2023,Q3,306.87356014569485,2023-09-01,National_Estimate_BLS_API
Wyoming,WY,2023,Q4,307.01758275086075,2023-12-01,National_Estimate_BLS_API
Wyoming,WY,2024,Q1,310.63596999795453,2024-03-01,National_Estimate_BLS_API
Wyoming,WY,2024,Q2,313.9373753852439,2024-06-01,National_Estimate_BLS_API
Wyoming,WY,2024,Q3,314.72767701208346,2024-09-01,National_Estimate_BLS_API
Wyoming,WY,2024,Q4,315.26992044504226,2024-12-01,National_Estimate_BLS_API
Wyoming,WY,2025,Q1,318.3389083730506,2025-03-01,National_Estimate_BLS_API
Wyoming,WY,2025,Q2,321.75545198795226,2025-06-01,National_Estimate_BLS_API
Wyoming,WY,2025,Q3,324.13039503870283,2025-07-01,National_Estimate_BLS_API
