CITY_STATE,CITY,STATE,POPULATION,CITY_RANK,ZIPCODE
"New York, NY",New York,NY,8258035,1,10001
"New York, NY",New York,NY,8258035,1,10002
"New York, NY",New York,NY,8258035,1,10003
"New York, NY",New York,NY,8258035,1,10005
"New York, NY",New York,NY,8258035,1,10006
"New York, NY",New York,NY,8258035,1,10007
"New York, NY",New York,NY,8258035,1,10009
"New York, NY",New York,NY,8258035,1,10010
"New York, NY",New York,NY,8258035,1,10011
"New York, NY",New York,NY,8258035,1,10012
"New York, NY",New York,NY,8258035,1,10013
"New York, NY",New York,NY,8258035,1,10014
"New York, NY",New York,NY,8258035,1,10016
"New York, NY",New York,NY,8258035,1,10017
"New York, NY",New York,NY,8258035,1,10018
"New York, NY",New York,NY,8258035,1,10019
"New York, NY",New York,NY,8258035,1,10020
"New York, NY",New York,NY,8258035,1,10021
"New York, NY",New York,NY,8258035,1,10022
"New York, NY",New York,NY,8258035,1,10023
"New York, NY",New York,NY,8258035,1,10024
"New York, NY",New York,NY,8258035,1,10025
"New York, NY",New York,NY,8258035,1,10026
"New York, NY",New York,NY,8258035,1,10027
"New York, NY",New York,NY,8258035,1,10028
"New York, NY",New York,NY,8258035,1,10029
"New York, NY",New York,NY,8258035,1,10030
"New York, NY",New York,NY,8258035,1,10031
"New York, NY",New York,NY,8258035,1,10032
"New York, NY",New York,NY,8258035,1,10033
"New York, NY",New York,NY,8258035,1,10034
"New York, NY",New York,NY,8258035,1,10035
"New York, NY",New York,NY,8258035,1,10036
"New York, NY",New York,NY,8258035,1,10037
"New York, NY",New York,NY,8258035,1,10038
"New York, NY",New York,NY,8258035,1,10039
"New York, NY",New York,NY,8258035,1,10040
"New York, NY",New York,NY,8258035,1,10044
"New York, NY",New York,NY,8258035,1,10065
"New York, NY",New York,NY,8258035,1,10069
"New York, NY",New York,NY,8258035,1,10075
"New York, NY",New York,NY,8258035,1,10103
"New York, NY",New York,NY,8258035,1,10110
"New York, NY",New York,NY,8258035,1,10111
"New York, NY",New York,NY,8258035,1,10112
"New York, NY",New York,NY,8258035,1,10115
"New York, NY",New York,NY,8258035,1,10119
"New York, NY",New York,NY,8258035,1,10128
"New York, NY",New York,NY,8258035,1,10152
"New York, NY",New York,NY,8258035,1,10153
"New York, NY",New York,NY,8258035,1,10154
"New York, NY",New York,NY,8258035,1,10162
"New York, NY",New York,NY,8258035,1,10165
"New York, NY",New York,NY,8258035,1,10167
"New York, NY",New York,NY,8258035,1,10168
"New York, NY",New York,NY,8258035,1,10169
"New York, NY",New York,NY,8258035,1,10170
"New York, NY",New York,NY,8258035,1,10171
"New York, NY",New York,NY,8258035,1,10172
"New York, NY",New York,NY,8258035,1,10173
"New York, NY",New York,NY,8258035,1,10174
"New York, NY",New York,NY,8258035,1,10177
"New York, NY",New York,NY,8258035,1,10199
"New York, NY",New York,NY,8258035,1,10271
"New York, NY",New York,NY,8258035,1,10278
"New York, NY",New York,NY,8258035,1,10279
"New York, NY",New York,NY,8258035,1,10280
"New York, NY",New York,NY,8258035,1,10282
"New York, NY",New York,NY,8258035,1,10301
"New York, NY",New York,NY,8258035,1,10302
"New York, NY",New York,NY,8258035,1,10303
"New York, NY",New York,NY,8258035,1,10304
"New York, NY",New York,NY,8258035,1,10305
"New York, NY",New York,NY,8258035,1,10306
"New York, NY",New York,NY,8258035,1,10307
"New York, NY",New York,NY,8258035,1,10308
"New York, NY",New York,NY,8258035,1,10309
"New York, NY",New York,NY,8258035,1,10310
"New York, NY",New York,NY,8258035,1,10311
"New York, NY",New York,NY,8258035,1,10312
"New York, NY",New York,NY,8258035,1,10314
"New York, NY",New York,NY,8258035,1,10451
"New York, NY",New York,NY,8258035,1,10452
"New York, NY",New York,NY,8258035,1,10453
"New York, NY",New York,NY,8258035,1,10454
"New York, NY",New York,NY,8258035,1,10455
"New York, NY",New York,NY,8258035,1,10456
"New York, NY",New York,NY,8258035,1,10457
"New York, NY",New York,NY,8258035,1,10458
"New York, NY",New York,NY,8258035,1,10459
"New York, NY",New York,NY,8258035,1,10460
"New York, NY",New York,NY,8258035,1,10461
"New York, NY",New York,NY,8258035,1,10462
"New York, NY",New York,NY,8258035,1,10463
"New York, NY",New York,NY,8258035,1,10464
"New York, NY",New York,NY,8258035,1,10465
"New York, NY",New York,NY,8258035,1,10466
"New York, NY",New York,NY,8258035,1,10467
"New York, NY",New York,NY,8258035,1,10468
"New York, NY",New York,NY,8258035,1,10469
"New York, NY",New York,NY,8258035,1,10470
"New York, NY",New York,NY,8258035,1,10471
"New York, NY",New York,NY,8258035,1,10472
"New York, NY",New York,NY,8258035,1,10473
"New York, NY",New York,NY,8258035,1,10474
"New York, NY",New York,NY,8258035,1,10475
"New York, NY",New York,NY,8258035,1,11004
"New York, NY",New York,NY,8258035,1,11005
"New York, NY",New York,NY,8258035,1,11101
"New York, NY",New York,NY,8258035,1,11102
"New York, NY",New York,NY,8258035,1,11103
"New York, NY",New York,NY,8258035,1,11104
"New York, NY",New York,NY,8258035,1,11105
"New York, NY",New York,NY,8258035,1,11106
"New York, NY",New York,NY,8258035,1,11109
"New York, NY",New York,NY,8258035,1,11201
"New York, NY",New York,NY,8258035,1,11203
"New York, NY",New York,NY,8258035,1,11204
"New York, NY",New York,NY,8258035,1,11205
"New York, NY",New York,NY,8258035,1,11206
"New York, NY",New York,NY,8258035,1,11207
"New York, NY",New York,NY,8258035,1,11208
"New York, NY",New York,NY,8258035,1,11209
"New York, NY",New York,NY,8258035,1,11210
"New York, NY",New York,NY,8258035,1,11211
"New York, NY",New York,NY,8258035,1,11212
"New York, NY",New York,NY,8258035,1,11213
"New York, NY",New York,NY,8258035,1,11214
"New York, NY",New York,NY,8258035,1,11215
"New York, NY",New York,NY,8258035,1,11216
"New York, NY",New York,NY,8258035,1,11217
"New York, NY",New York,NY,8258035,1,11218
"New York, NY",New York,NY,8258035,1,11219
"New York, NY",New York,NY,8258035,1,11220
"New York, NY",New York,NY,8258035,1,11221
"New York, NY",New York,NY,8258035,1,11222
"New York, NY",New York,NY,8258035,1,11223
"New York, NY",New York,NY,8258035,1,11224
"New York, NY",New York,NY,8258035,1,11225
"New York, NY",New York,NY,8258035,1,11226
"New York, NY",New York,NY,8258035,1,11228
"New York, NY",New York,NY,8258035,1,11229
"New York, NY",New York,NY,8258035,1,11230
"New York, NY",New York,NY,8258035,1,11231
"New York, NY",New York,NY,8258035,1,11232
"New York, NY",New York,NY,8258035,1,11233
"New York, NY",New York,NY,8258035,1,11234
"New York, NY",New York,NY,8258035,1,11235
"New York, NY",New York,NY,8258035,1,11236
"New York, NY",New York,NY,8258035,1,11237
"New York, NY",New York,NY,8258035,1,11238
"New York, NY",New York,NY,8258035,1,11239
"New York, NY",New York,NY,8258035,1,11249
"New York, NY",New York,NY,8258035,1,11354
"New York, NY",New York,NY,8258035,1,11355
"New York, NY",New York,NY,8258035,1,11356
"New York, NY",New York,NY,8258035,1,11357
"New York, NY",New York,NY,8258035,1,11358
"New York, NY",New York,NY,8258035,1,11359
"New York, NY",New York,NY,8258035,1,11360
"New York, NY",New York,NY,8258035,1,11361
"New York, NY",New York,NY,8258035,1,11362
"New York, NY",New York,NY,8258035,1,11363
"New York, NY",New York,NY,8258035,1,11364
"New York, NY",New York,NY,8258035,1,11365
"New York, NY",New York,NY,8258035,1,11366
"New York, NY",New York,NY,8258035,1,11367
"New York, NY",New York,NY,8258035,1,11368
"New York, NY",New York,NY,8258035,1,11369
"New York, NY",New York,NY,8258035,1,11370
"New York, NY",New York,NY,8258035,1,11371
"New York, NY",New York,NY,8258035,1,11372
"New York, NY",New York,NY,8258035,1,11373
"New York, NY",New York,NY,8258035,1,11374
"New York, NY",New York,NY,8258035,1,11375
"New York, NY",New York,NY,8258035,1,11377
"New York, NY",New York,NY,8258035,1,11378
"New York, NY",New York,NY,8258035,1,11379
"New York, NY",New York,NY,8258035,1,11385
"New York, NY",New York,NY,8258035,1,11411
"New York, NY",New York,NY,8258035,1,11412
"New York, NY",New York,NY,8258035,1,11413
"New York, NY",New York,NY,8258035,1,11414
"New York, NY",New York,NY,8258035,1,11415
"New York, NY",New York,NY,8258035,1,11416
"New York, NY",New York,NY,8258035,1,11417
"New York, NY",New York,NY,8258035,1,11418
"New York, NY",New York,NY,8258035,1,11419
"New York, NY",New York,NY,8258035,1,11420
"New York, NY",New York,NY,8258035,1,11421
"New York, NY",New York,NY,8258035,1,11422
"New York, NY",New York,NY,8258035,1,11423
"New York, NY",New York,NY,8258035,1,11424
"New York, NY",New York,NY,8258035,1,11426
"New York, NY",New York,NY,8258035,1,11427
"New York, NY",New York,NY,8258035,1,11428
"New York, NY",New York,NY,8258035,1,11429
"New York, NY",New York,NY,8258035,1,11430
"New York, NY",New York,NY,8258035,1,11432
"New York, NY",New York,NY,8258035,1,11433
"New York, NY",New York,NY,8258035,1,11434
"New York, NY",New York,NY,8258035,1,11435
"New York, NY",New York,NY,8258035,1,11436
"New York, NY",New York,NY,8258035,1,11439
"New York, NY",New York,NY,8258035,1,11451
"New York, NY",New York,NY,8258035,1,11691
"New York, NY",New York,NY,8258035,1,11692
"New York, NY",New York,NY,8258035,1,11693
"New York, NY",New York,NY,8258035,1,11694
"New York, NY",New York,NY,8258035,1,11697
"Los Angeles, CA",Los Angeles,CA,3820914,2,90002
"Los Angeles, CA",Los Angeles,CA,3820914,2,90003
"Los Angeles, CA",Los Angeles,CA,3820914,2,90004
"Los Angeles, CA",Los Angeles,CA,3820914,2,90005
"Los Angeles, CA",Los Angeles,CA,3820914,2,90006
"Los Angeles, CA",Los Angeles,CA,3820914,2,90007
"Los Angeles, CA",Los Angeles,CA,3820914,2,90008
"Los Angeles, CA",Los Angeles,CA,3820914,2,90010
"Los Angeles, CA",Los Angeles,CA,3820914,2,90011
"Los Angeles, CA",Los Angeles,CA,3820914,2,90012
"Los Angeles, CA",Los Angeles,CA,3820914,2,90013
"Los Angeles, CA",Los Angeles,CA,3820914,2,90014
"Los Angeles, CA",Los Angeles,CA,3820914,2,90015
"Los Angeles, CA",Los Angeles,CA,3820914,2,90016
"Los Angeles, CA",Los Angeles,CA,3820914,2,90017
"Los Angeles, CA",Los Angeles,CA,3820914,2,90018
"Los Angeles, CA",Los Angeles,CA,3820914,2,90019
"Los Angeles, CA",Los Angeles,CA,3820914,2,90020
"Los Angeles, CA",Los Angeles,CA,3820914,2,90021
"Los Angeles, CA",Los Angeles,CA,3820914,2,90023
"Los Angeles, CA",Los Angeles,CA,3820914,2,90024
"Los Angeles, CA",Los Angeles,CA,3820914,2,90025
"Los Angeles, CA",Los Angeles,CA,3820914,2,90026
"Los Angeles, CA",Los Angeles,CA,3820914,2,90027
"Los Angeles, CA",Los Angeles,CA,3820914,2,90028
"Los Angeles, CA",Los Angeles,CA,3820914,2,90029
"Los Angeles, CA",Los Angeles,CA,3820914,2,90031
"Los Angeles, CA",Los Angeles,CA,3820914,2,90032
"Los Angeles, CA",Los Angeles,CA,3820914,2,90033
"Los Angeles, CA",Los Angeles,CA,3820914,2,90034
"Los Angeles, CA",Los Angeles,CA,3820914,2,90035
"Los Angeles, CA",Los Angeles,CA,3820914,2,90036
"Los Angeles, CA",Los Angeles,CA,3820914,2,90037
"Los Angeles, CA",Los Angeles,CA,3820914,2,90038
"Los Angeles, CA",Los Angeles,CA,3820914,2,90039
"Los Angeles, CA",Los Angeles,CA,3820914,2,90041
"Los Angeles, CA",Los Angeles,CA,3820914,2,90042
"Los Angeles, CA",Los Angeles,CA,3820914,2,90043
"Los Angeles, CA",Los Angeles,CA,3820914,2,90045
"Los Angeles, CA",Los Angeles,CA,3820914,2,90046
"Los Angeles, CA",Los Angeles,CA,3820914,2,90047
"Los Angeles, CA",Los Angeles,CA,3820914,2,90048
"Los Angeles, CA",Los Angeles,CA,3820914,2,90049
"Los Angeles, CA",Los Angeles,CA,3820914,2,90052
"Los Angeles, CA",Los Angeles,CA,3820914,2,90057
"Los Angeles, CA",Los Angeles,CA,3820914,2,90062
"Los Angeles, CA",Los Angeles,CA,3820914,2,90064
"Los Angeles, CA",Los Angeles,CA,3820914,2,90065
"Los Angeles, CA",Los Angeles,CA,3820914,2,90066
"Los Angeles, CA",Los Angeles,CA,3820914,2,90067
"Los Angeles, CA",Los Angeles,CA,3820914,2,90068
"Los Angeles, CA",Los Angeles,CA,3820914,2,90069
"Los Angeles, CA",Los Angeles,CA,3820914,2,90071
"Los Angeles, CA",Los Angeles,CA,3820914,2,90077
"Los Angeles, CA",Los Angeles,CA,3820914,2,90079
"Los Angeles, CA",Los Angeles,CA,3820914,2,90089
"Los Angeles, CA",Los Angeles,CA,3820914,2,90094
"Los Angeles, CA",Los Angeles,CA,3820914,2,90095
"Los Angeles, CA",Los Angeles,CA,3820914,2,90210
"Los Angeles, CA",Los Angeles,CA,3820914,2,90248
"Los Angeles, CA",Los Angeles,CA,3820914,2,90272
"Los Angeles, CA",Los Angeles,CA,3820914,2,90291
"Los Angeles, CA",Los Angeles,CA,3820914,2,90293
"Los Angeles, CA",Los Angeles,CA,3820914,2,90710
"Los Angeles, CA",Los Angeles,CA,3820914,2,90731
"Los Angeles, CA",Los Angeles,CA,3820914,2,90732
"Los Angeles, CA",Los Angeles,CA,3820914,2,90744
"Los Angeles, CA",Los Angeles,CA,3820914,2,91040
"Los Angeles, CA",Los Angeles,CA,3820914,2,91303
"Los Angeles, CA",Los Angeles,CA,3820914,2,91304
"Los Angeles, CA",Los Angeles,CA,3820914,2,91306
"Los Angeles, CA",Los Angeles,CA,3820914,2,91307
"Los Angeles, CA",Los Angeles,CA,3820914,2,91316
"Los Angeles, CA",Los Angeles,CA,3820914,2,91324
"Los Angeles, CA",Los Angeles,CA,3820914,2,91325
"Los Angeles, CA",Los Angeles,CA,3820914,2,91326
"Los Angeles, CA",Los Angeles,CA,3820914,2,91330
"Los Angeles, CA",Los Angeles,CA,3820914,2,91331
"Los Angeles, CA",Los Angeles,CA,3820914,2,91335
"Los Angeles, CA",Los Angeles,CA,3820914,2,91343
"Los Angeles, CA",Los Angeles,CA,3820914,2,91344
"Los Angeles, CA",Los Angeles,CA,3820914,2,91345
"Los Angeles, CA",Los Angeles,CA,3820914,2,91352
"Los Angeles, CA",Los Angeles,CA,3820914,2,91356
"Los Angeles, CA",Los Angeles,CA,3820914,2,91364
"Los Angeles, CA",Los Angeles,CA,3820914,2,91367
"Los Angeles, CA",Los Angeles,CA,3820914,2,91371
"Los Angeles, CA",Los Angeles,CA,3820914,2,91401
"Los Angeles, CA",Los Angeles,CA,3820914,2,91402
"Los Angeles, CA",Los Angeles,CA,3820914,2,91403
"Los Angeles, CA",Los Angeles,CA,3820914,2,91405
"Los Angeles, CA",Los Angeles,CA,3820914,2,91406
"Los Angeles, CA",Los Angeles,CA,3820914,2,91411
"Los Angeles, CA",Los Angeles,CA,3820914,2,91423
"Los Angeles, CA",Los Angeles,CA,3820914,2,91436
"Los Angeles, CA",Los Angeles,CA,3820914,2,91601
"Los Angeles, CA",Los Angeles,CA,3820914,2,91602
"Los Angeles, CA",Los Angeles,CA,3820914,2,91604
"Los Angeles, CA",Los Angeles,CA,3820914,2,91605
"Los Angeles, CA",Los Angeles,CA,3820914,2,91606
"Los Angeles, CA",Los Angeles,CA,3820914,2,91607
"Chicago, IL",Chicago,IL,2664452,3,60018
"Chicago, IL",Chicago,IL,2664452,3,60601
"Chicago, IL",Chicago,IL,2664452,3,60602
"Chicago, IL",Chicago,IL,2664452,3,60603
"Chicago, IL",Chicago,IL,2664452,3,60604
"Chicago, IL",Chicago,IL,2664452,3,60605
"Chicago, IL",Chicago,IL,2664452,3,60606
"Chicago, IL",Chicago,IL,2664452,3,60607
"Chicago, IL",Chicago,IL,2664452,3,60608
"Chicago, IL",Chicago,IL,2664452,3,60609
"Chicago, IL",Chicago,IL,2664452,3,60610
"Chicago, IL",Chicago,IL,2664452,3,60611
"Chicago, IL",Chicago,IL,2664452,3,60612
"Chicago, IL",Chicago,IL,2664452,3,60613
"Chicago, IL",Chicago,IL,2664452,3,60614
"Chicago, IL",Chicago,IL,2664452,3,60615
"Chicago, IL",Chicago,IL,2664452,3,60616
"Chicago, IL",Chicago,IL,2664452,3,60617
"Chicago, IL",Chicago,IL,2664452,3,60618
"Chicago, IL",Chicago,IL,2664452,3,60619
"Chicago, IL",Chicago,IL,2664452,3,60620
"Chicago, IL",Chicago,IL,2664452,3,60621
"Chicago, IL",Chicago,IL,2664452,3,60622
"Chicago, IL",Chicago,IL,2664452,3,60623
"Chicago, IL",Chicago,IL,2664452,3,60624
"Chicago, IL",Chicago,IL,2664452,3,60625
"Chicago, IL",Chicago,IL,2664452,3,60626
"Chicago, IL",Chicago,IL,2664452,3,60628
"Chicago, IL",Chicago,IL,2664452,3,60629
"Chicago, IL",Chicago,IL,2664452,3,60630
"Chicago, IL",Chicago,IL,2664452,3,60631
"Chicago, IL",Chicago,IL,2664452,3,60632
"Chicago, IL",Chicago,IL,2664452,3,60633
"Chicago, IL",Chicago,IL,2664452,3,60634
"Chicago, IL",Chicago,IL,2664452,3,60636
"Chicago, IL",Chicago,IL,2664452,3,60637
"Chicago, IL",Chicago,IL,2664452,3,60638
"Chicago, IL",Chicago,IL,2664452,3,60639
"Chicago, IL",Chicago,IL,2664452,3,60640
"Chicago, IL",Chicago,IL,2664452,3,60641
"Chicago, IL",Chicago,IL,2664452,3,60642
"Chicago, IL",Chicago,IL,2664452,3,60643
"Chicago, IL",Chicago,IL,2664452,3,60644
"Chicago, IL",Chicago,IL,2664452,3,60645
"Chicago, IL",Chicago,IL,2664452,3,60646
"Chicago, IL",Chicago,IL,2664452,3,60647
"Chicago, IL",Chicago,IL,2664452,3,60649
"Chicago, IL",Chicago,IL,2664452,3,60651
"Chicago, IL",Chicago,IL,2664452,3,60652
"Chicago, IL",Chicago,IL,2664452,3,60653
"Chicago, IL",Chicago,IL,2664452,3,60654
"Chicago, IL",Chicago,IL,2664452,3,60655
"Chicago, IL",Chicago,IL,2664452,3,60656
"Chicago, IL",Chicago,IL,2664452,3,60657
"Chicago, IL",Chicago,IL,2664452,3,60659
"Chicago, IL",Chicago,IL,2664452,3,60660
"Chicago, IL",Chicago,IL,2664452,3,60661
"Houston, TX",Houston,TX,2314157,4,77002
"Houston, TX",Houston,TX,2314157,4,77003
"Houston, TX",Houston,TX,2314157,4,77004
"Houston, TX",Houston,TX,2314157,4,77006
"Houston, TX",Houston,TX,2314157,4,77007
"Houston, TX",Houston,TX,2314157,4,77008
"Houston, TX",Houston,TX,2314157,4,77009
"Houston, TX",Houston,TX,2314157,4,77010
"Houston, TX",Houston,TX,2314157,4,77011
"Houston, TX",Houston,TX,2314157,4,77012
"Houston, TX",Houston,TX,2314157,4,77013
"Houston, TX",Houston,TX,2314157,4,77016
"Houston, TX",Houston,TX,2314157,4,77017
"Houston, TX",Houston,TX,2314157,4,77018
"Houston, TX",Houston,TX,2314157,4,77019
"Houston, TX",Houston,TX,2314157,4,77020
"Houston, TX",Houston,TX,2314157,4,77021
"Houston, TX",Houston,TX,2314157,4,77022
"Houston, TX",Houston,TX,2314157,4,77023
"Houston, TX",Houston,TX,2314157,4,77025
"Houston, TX",Houston,TX,2314157,4,77026
"Houston, TX",Houston,TX,2314157,4,77027
"Houston, TX",Houston,TX,2314157,4,77028
"Houston, TX",Houston,TX,2314157,4,77029
"Houston, TX",Houston,TX,2314157,4,77030
"Houston, TX",Houston,TX,2314157,4,77031
"Houston, TX",Houston,TX,2314157,4,77032
"Houston, TX",Houston,TX,2314157,4,77033
"Houston, TX",Houston,TX,2314157,4,77034
"Houston, TX",Houston,TX,2314157,4,77035
"Houston, TX",Houston,TX,2314157,4,77036
"Houston, TX",Houston,TX,2314157,4,77042
"Houston, TX",Houston,TX,2314157,4,77043
"Houston, TX",Houston,TX,2314157,4,77045
"Houston, TX",Houston,TX,2314157,4,77046
"Houston, TX",Houston,TX,2314157,4,77047
"Houston, TX",Houston,TX,2314157,4,77048
"Houston, TX",Houston,TX,2314157,4,77051
"Houston, TX",Houston,TX,2314157,4,77053
"Houston, TX",Houston,TX,2314157,4,77054
"Houston, TX",Houston,TX,2314157,4,77055
"Houston, TX",Houston,TX,2314157,4,77056
"Houston, TX",Houston,TX,2314157,4,77057
"Houston, TX",Houston,TX,2314157,4,77058
"Houston, TX",Houston,TX,2314157,4,77059
"Houston, TX",Houston,TX,2314157,4,77060
"Houston, TX",Houston,TX,2314157,4,77061
"Houston, TX",Houston,TX,2314157,4,77062
"Houston, TX",Houston,TX,2314157,4,77063
"Houston, TX",Houston,TX,2314157,4,77071
"Houston, TX",Houston,TX,2314157,4,77072
"Houston, TX",Houston,TX,2314157,4,77074
"Houston, TX",Houston,TX,2314157,4,77075
"Houston, TX",Houston,TX,2314157,4,77076
"Houston, TX",Houston,TX,2314157,4,77077
"Houston, TX",Houston,TX,2314157,4,77078
"Houston, TX",Houston,TX,2314157,4,77079
"Houston, TX",Houston,TX,2314157,4,77080
"Houston, TX",Houston,TX,2314157,4,77081
"Houston, TX",Houston,TX,2314157,4,77082
"Houston, TX",Houston,TX,2314157,4,77084
"Houston, TX",Houston,TX,2314157,4,77085
"Houston, TX",Houston,TX,2314157,4,77086
"Houston, TX",Houston,TX,2314157,4,77087
"Houston, TX",Houston,TX,2314157,4,77088
"Houston, TX",Houston,TX,2314157,4,77089
"Houston, TX",Houston,TX,2314157,4,77091
"Houston, TX",Houston,TX,2314157,4,77092
"Houston, TX",Houston,TX,2314157,4,77093
"Houston, TX",Houston,TX,2314157,4,77096
"Houston, TX",Houston,TX,2314157,4,77098
"Houston, TX",Houston,TX,2314157,4,77099
"Houston, TX",Houston,TX,2314157,4,77204
"Houston, TX",Houston,TX,2314157,4,77339
"Houston, TX",Houston,TX,2314157,4,77345
"Phoenix, AZ",Phoenix,AZ,1650070,5,85003
"Phoenix, AZ",Phoenix,AZ,1650070,5,85004
"Phoenix, AZ",Phoenix,AZ,1650070,5,85006
"Phoenix, AZ",Phoenix,AZ,1650070,5,85007
"Phoenix, AZ",Phoenix,AZ,1650070,5,85008
"Phoenix, AZ",Phoenix,AZ,1650070,5,85009
"Phoenix, AZ",Phoenix,AZ,1650070,5,85012
"Phoenix, AZ",Phoenix,AZ,1650070,5,85013
"Phoenix, AZ",Phoenix,AZ,1650070,5,85014
"Phoenix, AZ",Phoenix,AZ,1650070,5,85015
"Phoenix, AZ",Phoenix,AZ,1650070,5,85016
"Phoenix, AZ",Phoenix,AZ,1650070,5,85017
"Phoenix, AZ",Phoenix,AZ,1650070,5,85018
"Phoenix, AZ",Phoenix,AZ,1650070,5,85019
"Phoenix, AZ",Phoenix,AZ,1650070,5,85020
"Phoenix, AZ",Phoenix,AZ,1650070,5,85021
"Phoenix, AZ",Phoenix,AZ,1650070,5,85022
"Phoenix, AZ",Phoenix,AZ,1650070,5,85023
"Phoenix, AZ",Phoenix,AZ,1650070,5,85024
"Phoenix, AZ",Phoenix,AZ,1650070,5,85026
"Phoenix, AZ",Phoenix,AZ,1650070,5,85027
"Phoenix, AZ",Phoenix,AZ,1650070,5,85028
"Phoenix, AZ",Phoenix,AZ,1650070,5,85029
"Phoenix, AZ",Phoenix,AZ,1650070,5,85031
"Phoenix, AZ",Phoenix,AZ,1650070,5,85032
"Phoenix, AZ",Phoenix,AZ,1650070,5,85033
"Phoenix, AZ",Phoenix,AZ,1650070,5,85034
"Phoenix, AZ",Phoenix,AZ,1650070,5,85035
"Phoenix, AZ",Phoenix,AZ,1650070,5,85037
"Phoenix, AZ",Phoenix,AZ,1650070,5,85040
"Phoenix, AZ",Phoenix,AZ,1650070,5,85041
"Phoenix, AZ",Phoenix,AZ,1650070,5,85042
"Phoenix, AZ",Phoenix,AZ,1650070,5,85043
"Phoenix, AZ",Phoenix,AZ,1650070,5,85044
"Phoenix, AZ",Phoenix,AZ,1650070,5,85045
"Phoenix, AZ",Phoenix,AZ,1650070,5,85048
"Phoenix, AZ",Phoenix,AZ,1650070,5,85050
"Phoenix, AZ",Phoenix,AZ,1650070,5,85051
"Phoenix, AZ",Phoenix,AZ,1650070,5,85053
"Phoenix, AZ",Phoenix,AZ,1650070,5,85054
"Phoenix, AZ",Phoenix,AZ,1650070,5,85083
"Phoenix, AZ",Phoenix,AZ,1650070,5,85085
"Phoenix, AZ",Phoenix,AZ,1650070,5,85254
"Phoenix, AZ",Phoenix,AZ,1650070,5,85353
"Philadelphia, PA",Philadelphia,PA,1550542,6,19102
"Philadelphia, PA",Philadelphia,PA,1550542,6,19103
"Philadelphia, PA",Philadelphia,PA,1550542,6,19104
"Philadelphia, PA",Philadelphia,PA,1550542,6,19106
"Philadelphia, PA",Philadelphia,PA,1550542,6,19107
"Philadelphia, PA",Philadelphia,PA,1550542,6,19108
"Philadelphia, PA",Philadelphia,PA,1550542,6,19109
"Philadelphia, PA",Philadelphia,PA,1550542,6,19111
"Philadelphia, PA",Philadelphia,PA,1550542,6,19112
"Philadelphia, PA",Philadelphia,PA,1550542,6,19114
"Philadelphia, PA",Philadelphia,PA,1550542,6,19115
"Philadelphia, PA",Philadelphia,PA,1550542,6,19116
"Philadelphia, PA",Philadelphia,PA,1550542,6,19118
"Philadelphia, PA",Philadelphia,PA,1550542,6,19119
"Philadelphia, PA",Philadelphia,PA,1550542,6,19120
"Philadelphia, PA",Philadelphia,PA,1550542,6,19121
"Philadelphia, PA",Philadelphia,PA,1550542,6,19122
"Philadelphia, PA",Philadelphia,PA,1550542,6,19123
"Philadelphia, PA",Philadelphia,PA,1550542,6,19124
"Philadelphia, PA",Philadelphia,PA,1550542,6,19125
"Philadelphia, PA",Philadelphia,PA,1550542,6,19126
"Philadelphia, PA",Philadelphia,PA,1550542,6,19127
"Philadelphia, PA",Philadelphia,PA,1550542,6,19128
"Philadelphia, PA",Philadelphia,PA,1550542,6,19129
"Philadelphia, PA",Philadelphia,PA,1550542,6,19130
"Philadelphia, PA",Philadelphia,PA,1550542,6,19131
"Philadelphia, PA",Philadelphia,PA,1550542,6,19132
"Philadelphia, PA",Philadelphia,PA,1550542,6,19133
"Philadelphia, PA",Philadelphia,PA,1550542,6,19134
"Philadelphia, PA",Philadelphia,PA,1550542,6,19135
"Philadelphia, PA",Philadelphia,PA,1550542,6,19136
"Philadelphia, PA",Philadelphia,PA,1550542,6,19137
"Philadelphia, PA",Philadelphia,PA,1550542,6,19138
"Philadelphia, PA",Philadelphia,PA,1550542,6,19139
"Philadelphia, PA",Philadelphia,PA,1550542,6,19140
"Philadelphia, PA",Philadelphia,PA,1550542,6,19141
"Philadelphia, PA",Philadelphia,PA,1550542,6,19142
"Philadelphia, PA",Philadelphia,PA,1550542,6,19143
"Philadelphia, PA",Philadelphia,PA,1550542,6,19144
"Philadelphia, PA",Philadelphia,PA,1550542,6,19145
"Philadelphia, PA",Philadelphia,PA,1550542,6,19146
"Philadelphia, PA",Philadelphia,PA,1550542,6,19147
"Philadelphia, PA",Philadelphia,PA,1550542,6,19148
"Philadelphia, PA",Philadelphia,PA,1550542,6,19149
"Philadelphia, PA",Philadelphia,PA,1550542,6,19150
"Philadelphia, PA",Philadelphia,PA,1550542,6,19151
"Philadelphia, PA",Philadelphia,PA,1550542,6,19152
"Philadelphia, PA",Philadelphia,PA,1550542,6,19153
"Philadelphia, PA",Philadelphia,PA,1550542,6,19154
"San Antonio, TX",San Antonio,TX,1495295,7,78109
"San Antonio, TX",San Antonio,TX,1495295,7,78201
"San Antonio, TX",San Antonio,TX,1495295,7,78202
"San Antonio, TX",San Antonio,TX,1495295,7,78203
"San Antonio, TX",San Antonio,TX,1495295,7,78204
"San Antonio, TX",San Antonio,TX,1495295,7,78205
"San Antonio, TX",San Antonio,TX,1495295,7,78207
"San Antonio, TX",San Antonio,TX,1495295,7,78208
"San Antonio, TX",San Antonio,TX,1495295,7,78209
"San Antonio, TX",San Antonio,TX,1495295,7,78210
"San Antonio, TX",San Antonio,TX,1495295,7,78211
"San Antonio, TX",San Antonio,TX,1495295,7,78212
"San Antonio, TX",San Antonio,TX,1495295,7,78214
"San Antonio, TX",San Antonio,TX,1495295,7,78215
"San Antonio, TX",San Antonio,TX,1495295,7,78216
"San Antonio, TX",San Antonio,TX,1495295,7,78217
"San Antonio, TX",San Antonio,TX,1495295,7,78218
"San Antonio, TX",San Antonio,TX,1495295,7,78219
"San Antonio, TX",San Antonio,TX,1495295,7,78220
"San Antonio, TX",San Antonio,TX,1495295,7,78221
"San Antonio, TX",San Antonio,TX,1495295,7,78222
"San Antonio, TX",San Antonio,TX,1495295,7,78224
"San Antonio, TX",San Antonio,TX,1495295,7,78225
"San Antonio, TX",San Antonio,TX,1495295,7,78226
"San Antonio, TX",San Antonio,TX,1495295,7,78227
"San Antonio, TX",San Antonio,TX,1495295,7,78228
"San Antonio, TX",San Antonio,TX,1495295,7,78229
"San Antonio, TX",San Antonio,TX,1495295,7,78230
"San Antonio, TX",San Antonio,TX,1495295,7,78233
"San Antonio, TX",San Antonio,TX,1495295,7,78234
"San Antonio, TX",San Antonio,TX,1495295,7,78235
"San Antonio, TX",San Antonio,TX,1495295,7,78237
"San Antonio, TX",San Antonio,TX,1495295,7,78238
"San Antonio, TX",San Antonio,TX,1495295,7,78240
"San Antonio, TX",San Antonio,TX,1495295,7,78242
"San Antonio, TX",San Antonio,TX,1495295,7,78247
"San Antonio, TX",San Antonio,TX,1495295,7,78248
"San Antonio, TX",San Antonio,TX,1495295,7,78249
"San Antonio, TX",San Antonio,TX,1495295,7,78250
"San Antonio, TX",San Antonio,TX,1495295,7,78251
"San Antonio, TX",San Antonio,TX,1495295,7,78256
"San Antonio, TX",San Antonio,TX,1495295,7,78258
"San Antonio, TX",San Antonio,TX,1495295,7,78259
"San Diego, CA",San Diego,CA,1388320,8,92014
"San Diego, CA",San Diego,CA,1388320,8,92025
"San Diego, CA",San Diego,CA,1388320,8,92037
"San Diego, CA",San Diego,CA,1388320,8,92092
"San Diego, CA",San Diego,CA,1388320,8,92093
"San Diego, CA",San Diego,CA,1388320,8,92101
"San Diego, CA",San Diego,CA,1388320,8,92102
"San Diego, CA",San Diego,CA,1388320,8,92103
"San Diego, CA",San Diego,CA,1388320,8,92104
"San Diego, CA",San Diego,CA,1388320,8,92105
"San Diego, CA",San Diego,CA,1388320,8,92106
"San Diego, CA",San Diego,CA,1388320,8,92107
"San Diego, CA",San Diego,CA,1388320,8,92108
"San Diego, CA",San Diego,CA,1388320,8,92109
"San Diego, CA",San Diego,CA,1388320,8,92110
"San Diego, CA",San Diego,CA,1388320,8,92111
"San Diego, CA",San Diego,CA,1388320,8,92113
"San Diego, CA",San Diego,CA,1388320,8,92114
"San Diego, CA",San Diego,CA,1388320,8,92115
"San Diego, CA",San Diego,CA,1388320,8,92116
"San Diego, CA",San Diego,CA,1388320,8,92117
"San Diego, CA",San Diego,CA,1388320,8,92119
"San Diego, CA",San Diego,CA,1388320,8,92120
"San Diego, CA",San Diego,CA,1388320,8,92121
"San Diego, CA",San Diego,CA,1388320,8,92122
"San Diego, CA",San Diego,CA,1388320,8,92123
"San Diego, CA",San Diego,CA,1388320,8,92124
"San Diego, CA",San Diego,CA,1388320,8,92126
"San Diego, CA",San Diego,CA,1388320,8,92127
"San Diego, CA",San Diego,CA,1388320,8,92128
"San Diego, CA",San Diego,CA,1388320,8,92129
"San Diego, CA",San Diego,CA,1388320,8,92130
"San Diego, CA",San Diego,CA,1388320,8,92131
"San Diego, CA",San Diego,CA,1388320,8,92132
"San Diego, CA",San Diego,CA,1388320,8,92134
"San Diego, CA",San Diego,CA,1388320,8,92136
"San Diego, CA",San Diego,CA,1388320,8,92139
"San Diego, CA",San Diego,CA,1388320,8,92140
"San Diego, CA",San Diego,CA,1388320,8,92145
"San Diego, CA",San Diego,CA,1388320,8,92147
"San Diego, CA",San Diego,CA,1388320,8,92154
"San Diego, CA",San Diego,CA,1388320,8,92161
"San Diego, CA",San Diego,CA,1388320,8,92173
"San Diego, CA",San Diego,CA,1388320,8,92182
"Dallas, TX",Dallas,TX,1302868,9,75088
"Dallas, TX",Dallas,TX,1302868,9,75201
"Dallas, TX",Dallas,TX,1302868,9,75202
"Dallas, TX",Dallas,TX,1302868,9,75203
"Dallas, TX",Dallas,TX,1302868,9,75204
"Dallas, TX",Dallas,TX,1302868,9,75206
"Dallas, TX",Dallas,TX,1302868,9,75207
"Dallas, TX",Dallas,TX,1302868,9,75208
"Dallas, TX",Dallas,TX,1302868,9,75209
"Dallas, TX",Dallas,TX,1302868,9,75210
"Dallas, TX",Dallas,TX,1302868,9,75211
"Dallas, TX",Dallas,TX,1302868,9,75212
"Dallas, TX",Dallas,TX,1302868,9,75214
"Dallas, TX",Dallas,TX,1302868,9,75215
"Dallas, TX",Dallas,TX,1302868,9,75216
"Dallas, TX",Dallas,TX,1302868,9,75217
"Dallas, TX",Dallas,TX,1302868,9,75218
"Dallas, TX",Dallas,TX,1302868,9,75219
"Dallas, TX",Dallas,TX,1302868,9,75220
"Dallas, TX",Dallas,TX,1302868,9,75223
"Dallas, TX",Dallas,TX,1302868,9,75224
"Dallas, TX",Dallas,TX,1302868,9,75226
"Dallas, TX",Dallas,TX,1302868,9,75227
"Dallas, TX",Dallas,TX,1302868,9,75228
"Dallas, TX",Dallas,TX,1302868,9,75229
"Dallas, TX",Dallas,TX,1302868,9,75230
"Dallas, TX",Dallas,TX,1302868,9,75231
"Dallas, TX",Dallas,TX,1302868,9,75232
"Dallas, TX",Dallas,TX,1302868,9,75233
"Dallas, TX",Dallas,TX,1302868,9,75235
"Dallas, TX",Dallas,TX,1302868,9,75236
"Dallas, TX",Dallas,TX,1302868,9,75237
"Dallas, TX",Dallas,TX,1302868,9,75238
"Dallas, TX",Dallas,TX,1302868,9,75240
"Dallas, TX",Dallas,TX,1302868,9,75241
"Dallas, TX",Dallas,TX,1302868,9,75243
"Dallas, TX",Dallas,TX,1302868,9,75244
"Dallas, TX",Dallas,TX,1302868,9,75246
"Dallas, TX",Dallas,TX,1302868,9,75247
"Dallas, TX",Dallas,TX,1302868,9,75248
"Dallas, TX",Dallas,TX,1302868,9,75249
"Dallas, TX",Dallas,TX,1302868,9,75251
"Dallas, TX",Dallas,TX,1302868,9,75252
"Dallas, TX",Dallas,TX,1302868,9,75253
"Dallas, TX",Dallas,TX,1302868,9,75254
"Dallas, TX",Dallas,TX,1302868,9,75270
"Dallas, TX",Dallas,TX,1302868,9,75287
"Dallas, TX",Dallas,TX,1302868,9,75390
"Jacksonville, FL",Jacksonville,FL,985843,10,32202
"Jacksonville, FL",Jacksonville,FL,985843,10,32203
"Jacksonville, FL",Jacksonville,FL,985843,10,32204
"Jacksonville, FL",Jacksonville,FL,985843,10,32205
"Jacksonville, FL",Jacksonville,FL,985843,10,32206
"Jacksonville, FL",Jacksonville,FL,985843,10,32207
"Jacksonville, FL",Jacksonville,FL,985843,10,32208
"Jacksonville, FL",Jacksonville,FL,985843,10,32209
"Jacksonville, FL",Jacksonville,FL,985843,10,32210
"Jacksonville, FL",Jacksonville,FL,985843,10,32211
"Jacksonville, FL",Jacksonville,FL,985843,10,32212
"Jacksonville, FL",Jacksonville,FL,985843,10,32214
"Jacksonville, FL",Jacksonville,FL,985843,10,32216
"Jacksonville, FL",Jacksonville,FL,985843,10,32217
"Jacksonville, FL",Jacksonville,FL,985843,10,32218
"Jacksonville, FL",Jacksonville,FL,985843,10,32219
"Jacksonville, FL",Jacksonville,FL,985843,10,32220
"Jacksonville, FL",Jacksonville,FL,985843,10,32221
"Jacksonville, FL",Jacksonville,FL,985843,10,32222
"Jacksonville, FL",Jacksonville,FL,985843,10,32223
"Jacksonville, FL",Jacksonville,FL,985843,10,32224
"Jacksonville, FL",Jacksonville,FL,985843,10,32225
"Jacksonville, FL",Jacksonville,FL,985843,10,32226
"Jacksonville, FL",Jacksonville,FL,985843,10,32227
"Jacksonville, FL",Jacksonville,FL,985843,10,32228
"Jacksonville, FL",Jacksonville,FL,985843,10,32233
"Jacksonville, FL",Jacksonville,FL,985843,10,32234
"Jacksonville, FL",Jacksonville,FL,985843,10,32244
"Jacksonville, FL",Jacksonville,FL,985843,10,32246
"Jacksonville, FL",Jacksonville,FL,985843,10,32254
"Jacksonville, FL",Jacksonville,FL,985843,10,32256
"Jacksonville, FL",Jacksonville,FL,985843,10,32257
"Jacksonville, FL",Jacksonville,FL,985843,10,32258
"Jacksonville, FL",Jacksonville,FL,985843,10,32277
"Austin, TX",Austin,TX,979882,11,78701
"Austin, TX",Austin,TX,979882,11,78702
"Austin, TX",Austin,TX,979882,11,78703
"Austin, TX",Austin,TX,979882,11,78704
"Austin, TX",Austin,TX,979882,11,78705
"Austin, TX",Austin,TX,979882,11,78712
"Austin, TX",Austin,TX,979882,11,78717
"Austin, TX",Austin,TX,979882,11,78721
"Austin, TX",Austin,TX,979882,11,78722
"Austin, TX",Austin,TX,979882,11,78723
"Austin, TX",Austin,TX,979882,11,78724
"Austin, TX",Austin,TX,979882,11,78726
"Austin, TX",Austin,TX,979882,11,78727
"Austin, TX",Austin,TX,979882,11,78730
"Austin, TX",Austin,TX,979882,11,78731
"Austin, TX",Austin,TX,979882,11,78739
"Austin, TX",Austin,TX,979882,11,78741
"Austin, TX",Austin,TX,979882,11,78744
"Austin, TX",Austin,TX,979882,11,78745
"Austin, TX",Austin,TX,979882,11,78749
"Austin, TX",Austin,TX,979882,11,78751
"Austin, TX",Austin,TX,979882,11,78752
"Austin, TX",Austin,TX,979882,11,78753
"Austin, TX",Austin,TX,979882,11,78754
"Austin, TX",Austin,TX,979882,11,78756
"Austin, TX",Austin,TX,979882,11,78757
"Austin, TX",Austin,TX,979882,11,78758
"Austin, TX",Austin,TX,979882,11,78759
"Fort Worth, TX",Fort Worth,TX,978468,12,76040
"Fort Worth, TX",Fort Worth,TX,978468,12,76052
"Fort Worth, TX",Fort Worth,TX,978468,12,76102
"Fort Worth, TX",Fort Worth,TX,978468,12,76103
"Fort Worth, TX",Fort Worth,TX,978468,12,76104
"Fort Worth, TX",Fort Worth,TX,978468,12,76105
"Fort Worth, TX",Fort Worth,TX,978468,12,76106
"Fort Worth, TX",Fort Worth,TX,978468,12,76107
"Fort Worth, TX",Fort Worth,TX,978468,12,76109
"Fort Worth, TX",Fort Worth,TX,978468,12,76110
"Fort Worth, TX",Fort Worth,TX,978468,12,76111
"Fort Worth, TX",Fort Worth,TX,978468,12,76112
"Fort Worth, TX",Fort Worth,TX,978468,12,76115
"Fort Worth, TX",Fort Worth,TX,978468,12,76116
"Fort Worth, TX",Fort Worth,TX,978468,12,76118
"Fort Worth, TX",Fort Worth,TX,978468,12,76119
"Fort Worth, TX",Fort Worth,TX,978468,12,76120
"Fort Worth, TX",Fort Worth,TX,978468,12,76123
"Fort Worth, TX",Fort Worth,TX,978468,12,76126
"Fort Worth, TX",Fort Worth,TX,978468,12,76127
"Fort Worth, TX",Fort Worth,TX,978468,12,76129
"Fort Worth, TX",Fort Worth,TX,978468,12,76132
"Fort Worth, TX",Fort Worth,TX,978468,12,76133
"Fort Worth, TX",Fort Worth,TX,978468,12,76134
"Fort Worth, TX",Fort Worth,TX,978468,12,76135
"Fort Worth, TX",Fort Worth,TX,978468,12,76137
"Fort Worth, TX",Fort Worth,TX,978468,12,76140
"Fort Worth, TX",Fort Worth,TX,978468,12,76155
"Fort Worth, TX",Fort Worth,TX,978468,12,76164
"Fort Worth, TX",Fort Worth,TX,978468,12,76177
"Fort Worth, TX",Fort Worth,TX,978468,12,76179
"Fort Worth, TX",Fort Worth,TX,978468,12,76244
"San Jose, CA",San Jose,CA,969655,13,95002
"San Jose, CA",San Jose,CA,969655,13,95013
"San Jose, CA",San Jose,CA,969655,13,95110
"San Jose, CA",San Jose,CA,969655,13,95111
"San Jose, CA",San Jose,CA,969655,13,95112
"San Jose, CA",San Jose,CA,969655,13,95113
"San Jose, CA",San Jose,CA,969655,13,95116
"San Jose, CA",San Jose,CA,969655,13,95117
"San Jose, CA",San Jose,CA,969655,13,95118
"San Jose, CA",San Jose,CA,969655,13,95119
"San Jose, CA",San Jose,CA,969655,13,95121
"San Jose, CA",San Jose,CA,969655,13,95122
"San Jose, CA",San Jose,CA,969655,13,95123
"San Jose, CA",San Jose,CA,969655,13,95125
"San Jose, CA",San Jose,CA,969655,13,95126
"San Jose, CA",San Jose,CA,969655,13,95129
"San Jose, CA",San Jose,CA,969655,13,95131
"San Jose, CA",San Jose,CA,969655,13,95133
"San Jose, CA",San Jose,CA,969655,13,95134
"San Jose, CA",San Jose,CA,969655,13,95136
"San Jose, CA",San Jose,CA,969655,13,95138
"San Jose, CA",San Jose,CA,969655,13,95139
"San Jose, CA",San Jose,CA,969655,13,95148
"Columbus, OH",Columbus,OH,913175,14,43002
"Columbus, OH",Columbus,OH,913175,14,43109
"Columbus, OH",Columbus,OH,913175,14,43201
"Columbus, OH",Columbus,OH,913175,14,43202
"Columbus, OH",Columbus,OH,913175,14,43203
"Columbus, OH",Columbus,OH,913175,14,43204
"Columbus, OH",Columbus,OH,913175,14,43205
"Columbus, OH",Columbus,OH,913175,14,43206
"Columbus, OH",Columbus,OH,913175,14,43207
"Columbus, OH",Columbus,OH,913175,14,43210
"Columbus, OH",Columbus,OH,913175,14,43211
"Columbus, OH",Columbus,OH,913175,14,43212
"Columbus, OH",Columbus,OH,913175,14,43213
"Columbus, OH",Columbus,OH,913175,14,43214
"Columbus, OH",Columbus,OH,913175,14,43215
"Columbus, OH",Columbus,OH,913175,14,43218
"Columbus, OH",Columbus,OH,913175,14,43222
"Columbus, OH",Columbus,OH,913175,14,43227
"Columbus, OH",Columbus,OH,913175,14,43228
"Columbus, OH",Columbus,OH,913175,14,43229
"Columbus, OH",Columbus,OH,913175,14,43232
"Columbus, OH",Columbus,OH,913175,14,43240
"Charlotte, NC",Charlotte,NC,911311,15,28202
"Charlotte, NC",Charlotte,NC,911311,15,28203
"Charlotte, NC",Charlotte,NC,911311,15,28204
"Charlotte, NC",Charlotte,NC,911311,15,28205
"Charlotte, NC",Charlotte,NC,911311,15,28206
"Charlotte, NC",Charlotte,NC,911311,15,28207
"Charlotte, NC",Charlotte,NC,911311,15,28208
"Charlotte, NC",Charlotte,NC,911311,15,28209
"Charlotte, NC",Charlotte,NC,911311,15,28210
"Charlotte, NC",Charlotte,NC,911311,15,28211
"Charlotte, NC",Charlotte,NC,911311,15,28212
"Charlotte, NC",Charlotte,NC,911311,15,28213
"Charlotte, NC",Charlotte,NC,911311,15,28214
"Charlotte, NC",Charlotte,NC,911311,15,28215
"Charlotte, NC",Charlotte,NC,911311,15,28217
"Charlotte, NC",Charlotte,NC,911311,15,28223
"Charlotte, NC",Charlotte,NC,911311,15,28226
"Charlotte, NC",Charlotte,NC,911311,15,28244
"Charlotte, NC",Charlotte,NC,911311,15,28262
"Charlotte, NC",Charlotte,NC,911311,15,28269
"Charlotte, NC",Charlotte,NC,911311,15,28273
"Charlotte, NC",Charlotte,NC,911311,15,28274
"Charlotte, NC",Charlotte,NC,911311,15,28277
"Charlotte, NC",Charlotte,NC,911311,15,28280
"Charlotte, NC",Charlotte,NC,911311,15,28282
"Indianapolis, IN",Indianapolis,IN,879293,16,46113
"Indianapolis, IN",Indianapolis,IN,879293,16,46183
"Indianapolis, IN",Indianapolis,IN,879293,16,46201
"Indianapolis, IN",Indianapolis,IN,879293,16,46202
"Indianapolis, IN",Indianapolis,IN,879293,16,46203
"Indianapolis, IN",Indianapolis,IN,879293,16,46204
"Indianapolis, IN",Indianapolis,IN,879293,16,46205
"Indianapolis, IN",Indianapolis,IN,879293,16,46206
"Indianapolis, IN",Indianapolis,IN,879293,16,46208
"Indianapolis, IN",Indianapolis,IN,879293,16,46214
"Indianapolis, IN",Indianapolis,IN,879293,16,46217
"Indianapolis, IN",Indianapolis,IN,879293,16,46218
"Indianapolis, IN",Indianapolis,IN,879293,16,46219
"Indianapolis, IN",Indianapolis,IN,879293,16,46220
"Indianapolis, IN",Indianapolis,IN,879293,16,46221
"Indianapolis, IN",Indianapolis,IN,879293,16,46222
"Indianapolis, IN",Indianapolis,IN,879293,16,46225
"Indianapolis, IN",Indianapolis,IN,879293,16,46226
"Indianapolis, IN",Indianapolis,IN,879293,16,46227
"Indianapolis, IN",Indianapolis,IN,879293,16,46228
"Indianapolis, IN",Indianapolis,IN,879293,16,46229
"Indianapolis, IN",Indianapolis,IN,879293,16,46235
"Indianapolis, IN",Indianapolis,IN,879293,16,46237
"Indianapolis, IN",Indianapolis,IN,879293,16,46239
"Indianapolis, IN",Indianapolis,IN,879293,16,46240
"Indianapolis, IN",Indianapolis,IN,879293,16,46241
"Indianapolis, IN",Indianapolis,IN,879293,16,46250
"Indianapolis, IN",Indianapolis,IN,879293,16,46254
"Indianapolis, IN",Indianapolis,IN,879293,16,46256
"Indianapolis, IN",Indianapolis,IN,879293,16,46259
"Indianapolis, IN",Indianapolis,IN,879293,16,46260
"Indianapolis, IN",Indianapolis,IN,879293,16,46268
"Indianapolis, IN",Indianapolis,IN,879293,16,46278
"San Francisco, CA",San Francisco,CA,808988,17,94102
"San Francisco, CA",San Francisco,CA,808988,17,94103
"San Francisco, CA",San Francisco,CA,808988,17,94104
"San Francisco, CA",San Francisco,CA,808988,17,94105
"San Francisco, CA",San Francisco,CA,808988,17,94107
"San Francisco, CA",San Francisco,CA,808988,17,94108
"San Francisco, CA",San Francisco,CA,808988,17,94109
"San Francisco, CA",San Francisco,CA,808988,17,94110
"San Francisco, CA",San Francisco,CA,808988,17,94111
"San Francisco, CA",San Francisco,CA,808988,17,94112
"San Francisco, CA",San Francisco,CA,808988,17,94114
"San Francisco, CA",San Francisco,CA,808988,17,94115
"San Francisco, CA",San Francisco,CA,808988,17,94116
"San Francisco, CA",San Francisco,CA,808988,17,94117
"San Francisco, CA",San Francisco,CA,808988,17,94118
"San Francisco, CA",San Francisco,CA,808988,17,94121
"San Francisco, CA",San Francisco,CA,808988,17,94122
"San Francisco, CA",San Francisco,CA,808988,17,94123
"San Francisco, CA",San Francisco,CA,808988,17,94124
"San Francisco, CA",San Francisco,CA,808988,17,94127
"San Francisco, CA",San Francisco,CA,808988,17,94129
"San Francisco, CA",San Francisco,CA,808988,17,94130
"San Francisco, CA",San Francisco,CA,808988,17,94131
"San Francisco, CA",San Francisco,CA,808988,17,94132
"San Francisco, CA",San Francisco,CA,808988,17,94133
"San Francisco, CA",San Francisco,CA,808988,17,94134
"San Francisco, CA",San Francisco,CA,808988,17,94158
"San Francisco, CA",San Francisco,CA,808988,17,94188
"Seattle, WA",Seattle,WA,755078,18,98101
"Seattle, WA",Seattle,WA,755078,18,98102
"Seattle, WA",Seattle,WA,755078,18,98103
"Seattle, WA",Seattle,WA,755078,18,98104
"Seattle, WA",Seattle,WA,755078,18,98105
"Seattle, WA",Seattle,WA,755078,18,98106
"Seattle, WA",Seattle,WA,755078,18,98107
"Seattle, WA",Seattle,WA,755078,18,98108
"Seattle, WA",Seattle,WA,755078,18,98109
"Seattle, WA",Seattle,WA,755078,18,98112
"Seattle, WA",Seattle,WA,755078,18,98115
"Seattle, WA",Seattle,WA,755078,18,98116
"Seattle, WA",Seattle,WA,755078,18,98117
"Seattle, WA",Seattle,WA,755078,18,98118
"Seattle, WA",Seattle,WA,755078,18,98119
"Seattle, WA",Seattle,WA,755078,18,98121
"Seattle, WA",Seattle,WA,755078,18,98122
"Seattle, WA",Seattle,WA,755078,18,98125
"Seattle, WA",Seattle,WA,755078,18,98126
"Seattle, WA",Seattle,WA,755078,18,98134
"Seattle, WA",Seattle,WA,755078,18,98136
"Seattle, WA",Seattle,WA,755078,18,98144
"Seattle, WA",Seattle,WA,755078,18,98154
"Seattle, WA",Seattle,WA,755078,18,98164
"Seattle, WA",Seattle,WA,755078,18,98174
"Seattle, WA",Seattle,WA,755078,18,98195
"Seattle, WA",Seattle,WA,755078,18,98199
"Denver, CO",Denver,CO,716577,19,80123
"Denver, CO",Denver,CO,716577,19,80202
"Denver, CO",Denver,CO,716577,19,80203
"Denver, CO",Denver,CO,716577,19,80204
"Denver, CO",Denver,CO,716577,19,80205
"Denver, CO",Denver,CO,716577,19,80206
"Denver, CO",Denver,CO,716577,19,80207
"Denver, CO",Denver,CO,716577,19,80209
"Denver, CO",Denver,CO,716577,19,80210
"Denver, CO",Denver,CO,716577,19,80211
"Denver, CO",Denver,CO,716577,19,80212
"Denver, CO",Denver,CO,716577,19,80216
"Denver, CO",Denver,CO,716577,19,80218
"Denver, CO",Denver,CO,716577,19,80219
"Denver, CO",Denver,CO,716577,19,80220
"Denver, CO",Denver,CO,716577,19,80222
"Denver, CO",Denver,CO,716577,19,80223
"Denver, CO",Denver,CO,716577,19,80224
"Denver, CO",Denver,CO,716577,19,80230
"Denver, CO",Denver,CO,716577,19,80236
"Denver, CO",Denver,CO,716577,19,80237
"Denver, CO",Denver,CO,716577,19,80238
"Denver, CO",Denver,CO,716577,19,80239
"Denver, CO",Denver,CO,716577,19,80247
"Denver, CO",Denver,CO,716577,19,80249
"Denver, CO",Denver,CO,716577,19,80264
"Denver, CO",Denver,CO,716577,19,80266
"Denver, CO",Denver,CO,716577,19,80290
"Denver, CO",Denver,CO,716577,19,80293
"Denver, CO",Denver,CO,716577,19,80294
"Oklahoma City, OK",Oklahoma City,OK,702767,20,73013
"Oklahoma City, OK",Oklahoma City,OK,702767,20,73064
"Oklahoma City, OK",Oklahoma City,OK,702767,20,73084
"Oklahoma City, OK",Oklahoma City,OK,702767,20,73097
"Oklahoma City, OK",Oklahoma City,OK,702767,20,73102
"Oklahoma City, OK",Oklahoma City,OK,702767,20,73103
"Oklahoma City, OK",Oklahoma City,OK,702767,20,73104
"Oklahoma City, OK",Oklahoma City,OK,702767,20,73105
"Oklahoma City, OK",Oklahoma City,OK,702767,20,73106
"Oklahoma City, OK",Oklahoma City,OK,702767,20,73107
"Oklahoma City, OK",Oklahoma City,OK,702767,20,73108
"Oklahoma City, OK",Oklahoma City,OK,702767,20,73109
"Oklahoma City, OK",Oklahoma City,OK,702767,20,73111
"Oklahoma City, OK",Oklahoma City,OK,702767,20,73112
"Oklahoma City, OK",Oklahoma City,OK,702767,20,73114
"Oklahoma City, OK",Oklahoma City,OK,702767,20,73116
"Oklahoma City, OK",Oklahoma City,OK,702767,20,73117
"Oklahoma City, OK",Oklahoma City,OK,702767,20,73118
"Oklahoma City, OK",Oklahoma City,OK,702767,20,73119
"Oklahoma City, OK",Oklahoma City,OK,702767,20,73120
"Oklahoma City, OK",Oklahoma City,OK,702767,20,73127
"Oklahoma City, OK",Oklahoma City,OK,702767,20,73128
"Oklahoma City, OK",Oklahoma City,OK,702767,20,73129
"Oklahoma City, OK",Oklahoma City,OK,702767,20,73131
"Oklahoma City, OK",Oklahoma City,OK,702767,20,73132
"Oklahoma City, OK",Oklahoma City,OK,702767,20,73134
"Oklahoma City, OK",Oklahoma City,OK,702767,20,73135
"Oklahoma City, OK",Oklahoma City,OK,702767,20,73139
"Oklahoma City, OK",Oklahoma City,OK,702767,20,73141
"Oklahoma City, OK",Oklahoma City,OK,702767,20,73142
"Oklahoma City, OK",Oklahoma City,OK,702767,20,73145
"Oklahoma City, OK",Oklahoma City,OK,702767,20,73149
"Oklahoma City, OK",Oklahoma City,OK,702767,20,73150
"Oklahoma City, OK",Oklahoma City,OK,702767,20,73151
"Oklahoma City, OK",Oklahoma City,OK,702767,20,73159
"Oklahoma City, OK",Oklahoma City,OK,702767,20,73162
"Oklahoma City, OK",Oklahoma City,OK,702767,20,73165
"Oklahoma City, OK",Oklahoma City,OK,702767,20,73169
"Oklahoma City, OK",Oklahoma City,OK,702767,20,73170
"Oklahoma City, OK",Oklahoma City,OK,702767,20,73173
"Oklahoma City, OK",Oklahoma City,OK,702767,20,73179
"Oklahoma City, OK",Oklahoma City,OK,702767,20,74857
"Nashville, TN",Nashville,TN,687788,21,37013
"Nashville, TN",Nashville,TN,687788,21,37072
"Nashville, TN",Nashville,TN,687788,21,37076
"Nashville, TN",Nashville,TN,687788,21,37080
"Nashville, TN",Nashville,TN,687788,21,37115
"Nashville, TN",Nashville,TN,687788,21,37138
"Nashville, TN",Nashville,TN,687788,21,37189
"Nashville, TN",Nashville,TN,687788,21,37201
"Nashville, TN",Nashville,TN,687788,21,37203
"Nashville, TN",Nashville,TN,687788,21,37205
"Nashville, TN",Nashville,TN,687788,21,37206
"Nashville, TN",Nashville,TN,687788,21,37207
"Nashville, TN",Nashville,TN,687788,21,37208
"Nashville, TN",Nashville,TN,687788,21,37209
"Nashville, TN",Nashville,TN,687788,21,37210
"Nashville, TN",Nashville,TN,687788,21,37211
"Nashville, TN",Nashville,TN,687788,21,37212
"Nashville, TN",Nashville,TN,687788,21,37213
"Nashville, TN",Nashville,TN,687788,21,37214
"Nashville, TN",Nashville,TN,687788,21,37216
"Nashville, TN",Nashville,TN,687788,21,37217
"Nashville, TN",Nashville,TN,687788,21,37218
"Nashville, TN",Nashville,TN,687788,21,37219
"Nashville, TN",Nashville,TN,687788,21,37221
"Nashville, TN",Nashville,TN,687788,21,37228
"Nashville, TN",Nashville,TN,687788,21,37232
"Nashville, TN",Nashville,TN,687788,21,37238
"Washington, DC",Washington,DC,678972,22,20001
"Washington, DC",Washington,DC,678972,22,20002
"Washington, DC",Washington,DC,678972,22,20003
"Washington, DC",Washington,DC,678972,22,20004
"Washington, DC",Washington,DC,678972,22,20005
"Washington, DC",Washington,DC,678972,22,20006
"Washington, DC",Washington,DC,678972,22,20007
"Washington, DC",Washington,DC,678972,22,20008
"Washington, DC",Washington,DC,678972,22,20009
"Washington, DC",Washington,DC,678972,22,20010
"Washington, DC",Washington,DC,678972,22,20011
"Washington, DC",Washington,DC,678972,22,20012
"Washington, DC",Washington,DC,678972,22,20015
"Washington, DC",Washington,DC,678972,22,20016
"Washington, DC",Washington,DC,678972,22,20017
"Washington, DC",Washington,DC,678972,22,20018
"Washington, DC",Washington,DC,678972,22,20019
"Washington, DC",Washington,DC,678972,22,20020
"Washington, DC",Washington,DC,678972,22,20024
"Washington, DC",Washington,DC,678972,22,20032
"Washington, DC",Washington,DC,678972,22,20036
"Washington, DC",Washington,DC,678972,22,20037
"Washington, DC",Washington,DC,678972,22,20045
"Washington, DC",Washington,DC,678972,22,20052
"Washington, DC",Washington,DC,678972,22,20057
"Washington, DC",Washington,DC,678972,22,20059
"Washington, DC",Washington,DC,678972,22,20064
"Washington, DC",Washington,DC,678972,22,20204
"Washington, DC",Washington,DC,678972,22,20220
"Washington, DC",Washington,DC,678972,22,20230
"Washington, DC",Washington,DC,678972,22,20240
"Washington, DC",Washington,DC,678972,22,20245
"Washington, DC",Washington,DC,678972,22,20250
"Washington, DC",Washington,DC,678972,22,20260
"Washington, DC",Washington,DC,678972,22,20317
"Washington, DC",Washington,DC,678972,22,20319
"Washington, DC",Washington,DC,678972,22,20373
"Washington, DC",Washington,DC,678972,22,20388
"Washington, DC",Washington,DC,678972,22,20390
"Washington, DC",Washington,DC,678972,22,20408
"Washington, DC",Washington,DC,678972,22,20415
"Washington, DC",Washington,DC,678972,22,20418
"Washington, DC",Washington,DC,678972,22,20422
"Washington, DC",Washington,DC,678972,22,20427
"Washington, DC",Washington,DC,678972,22,20431
"Washington, DC",Washington,DC,678972,22,20510
"Washington, DC",Washington,DC,678972,22,20515
"Washington, DC",Washington,DC,678972,22,20520
"Washington, DC",Washington,DC,678972,22,20530
"Washington, DC",Washington,DC,678972,22,20535
"Washington, DC",Washington,DC,678972,22,20540
"Washington, DC",Washington,DC,678972,22,20542
"Washington, DC",Washington,DC,678972,22,20551
"Washington, DC",Washington,DC,678972,22,20560
"Washington, DC",Washington,DC,678972,22,20565
"Washington, DC",Washington,DC,678972,22,20566
"Washington, DC",Washington,DC,678972,22,20591
"El Paso, TX",El Paso,TX,678958,23,79901
"El Paso, TX",El Paso,TX,678958,23,79902
"El Paso, TX",El Paso,TX,678958,23,79903
"El Paso, TX",El Paso,TX,678958,23,79904
"El Paso, TX",El Paso,TX,678958,23,79905
"El Paso, TX",El Paso,TX,678958,23,79907
"El Paso, TX",El Paso,TX,678958,23,79911
"El Paso, TX",El Paso,TX,678958,23,79912
"El Paso, TX",El Paso,TX,678958,23,79915
"El Paso, TX",El Paso,TX,678958,23,79920
"El Paso, TX",El Paso,TX,678958,23,79922
"El Paso, TX",El Paso,TX,678958,23,79924
"El Paso, TX",El Paso,TX,678958,23,79925
"El Paso, TX",El Paso,TX,678958,23,79930
"El Paso, TX",El Paso,TX,678958,23,79932
"El Paso, TX",El Paso,TX,678958,23,79934
"El Paso, TX",El Paso,TX,678958,23,79935
"El Paso, TX",El Paso,TX,678958,23,79936
"Las Vegas, NV",Las Vegas,NV,660929,24,89101
"Las Vegas, NV",Las Vegas,NV,660929,24,89102
"Las Vegas, NV",Las Vegas,NV,660929,24,89106
"Las Vegas, NV",Las Vegas,NV,660929,24,89107
"Las Vegas, NV",Las Vegas,NV,660929,24,89108
"Las Vegas, NV",Las Vegas,NV,660929,24,89117
"Las Vegas, NV",Las Vegas,NV,660929,24,89128
"Las Vegas, NV",Las Vegas,NV,660929,24,89129
"Las Vegas, NV",Las Vegas,NV,660929,24,89130
"Las Vegas, NV",Las Vegas,NV,660929,24,89131
"Las Vegas, NV",Las Vegas,NV,660929,24,89134
"Las Vegas, NV",Las Vegas,NV,660929,24,89138
"Las Vegas, NV",Las Vegas,NV,660929,24,89143
"Las Vegas, NV",Las Vegas,NV,660929,24,89144
"Las Vegas, NV",Las Vegas,NV,660929,24,89145
"Boston, MA",Boston,MA,653833,25,02108
"Boston, MA",Boston,MA,653833,25,02109
"Boston, MA",Boston,MA,653833,25,02110
"Boston, MA",Boston,MA,653833,25,02111
"Boston, MA",Boston,MA,653833,25,02113
"Boston, MA",Boston,MA,653833,25,02114
"Boston, MA",Boston,MA,653833,25,02115
"Boston, MA",Boston,MA,653833,25,02116
"Boston, MA",Boston,MA,653833,25,02118
"Boston, MA",Boston,MA,653833,25,02119
"Boston, MA",Boston,MA,653833,25,02120
"Boston, MA",Boston,MA,653833,25,02121
"Boston, MA",Boston,MA,653833,25,02122
"Boston, MA",Boston,MA,653833,25,02124
"Boston, MA",Boston,MA,653833,25,02125
"Boston, MA",Boston,MA,653833,25,02126
"Boston, MA",Boston,MA,653833,25,02127
"Boston, MA",Boston,MA,653833,25,02128
"Boston, MA",Boston,MA,653833,25,02129
"Boston, MA",Boston,MA,653833,25,02130
"Boston, MA",Boston,MA,653833,25,02131
"Boston, MA",Boston,MA,653833,25,02132
"Boston, MA",Boston,MA,653833,25,02133
"Boston, MA",Boston,MA,653833,25,02134
"Boston, MA",Boston,MA,653833,25,02135
"Boston, MA",Boston,MA,653833,25,02136
"Boston, MA",Boston,MA,653833,25,02163
"Boston, MA",Boston,MA,653833,25,02199
"Boston, MA",Boston,MA,653833,25,02203
"Boston, MA",Boston,MA,653833,25,02205
"Boston, MA",Boston,MA,653833,25,02210
"Boston, MA",Boston,MA,653833,25,02215
"Detroit, MI",Detroit,MI,633218,26,48201
"Detroit, MI",Detroit,MI,633218,26,48202
"Detroit, MI",Detroit,MI,633218,26,48203
"Detroit, MI",Detroit,MI,633218,26,48204
"Detroit, MI",Detroit,MI,633218,26,48205
"Detroit, MI",Detroit,MI,633218,26,48206
"Detroit, MI",Detroit,MI,633218,26,48207
"Detroit, MI",Detroit,MI,633218,26,48208
"Detroit, MI",Detroit,MI,633218,26,48209
"Detroit, MI",Detroit,MI,633218,26,48210
"Detroit, MI",Detroit,MI,633218,26,48211
"Detroit, MI",Detroit,MI,633218,26,48212
"Detroit, MI",Detroit,MI,633218,26,48213
"Detroit, MI",Detroit,MI,633218,26,48214
"Detroit, MI",Detroit,MI,633218,26,48215
"Detroit, MI",Detroit,MI,633218,26,48216
"Detroit, MI",Detroit,MI,633218,26,48217
"Detroit, MI",Detroit,MI,633218,26,48219
"Detroit, MI",Detroit,MI,633218,26,48221
"Detroit, MI",Detroit,MI,633218,26,48223
"Detroit, MI",Detroit,MI,633218,26,48224
"Detroit, MI",Detroit,MI,633218,26,48226
"Detroit, MI",Detroit,MI,633218,26,48227
"Detroit, MI",Detroit,MI,633218,26,48228
"Detroit, MI",Detroit,MI,633218,26,48233
"Detroit, MI",Detroit,MI,633218,26,48234
"Detroit, MI",Detroit,MI,633218,26,48235
"Detroit, MI",Detroit,MI,633218,26,48238
"Detroit, MI",Detroit,MI,633218,26,48243
"Portland, OR",Portland,OR,630498,27,97201
"Portland, OR",Portland,OR,630498,27,97202
"Portland, OR",Portland,OR,630498,27,97203
"Portland, OR",Portland,OR,630498,27,97204
"Portland, OR",Portland,OR,630498,27,97205
"Portland, OR",Portland,OR,630498,27,97206
"Portland, OR",Portland,OR,630498,27,97208
"Portland, OR",Portland,OR,630498,27,97209
"Portland, OR",Portland,OR,630498,27,97210
"Portland, OR",Portland,OR,630498,27,97211
"Portland, OR",Portland,OR,630498,27,97212
"Portland, OR",Portland,OR,630498,27,97213
"Portland, OR",Portland,OR,630498,27,97214
"Portland, OR",Portland,OR,630498,27,97215
"Portland, OR",Portland,OR,630498,27,97216
"Portland, OR",Portland,OR,630498,27,97217
"Portland, OR",Portland,OR,630498,27,97218
"Portland, OR",Portland,OR,630498,27,97219
"Portland, OR",Portland,OR,630498,27,97227
"Portland, OR",Portland,OR,630498,27,97230
"Portland, OR",Portland,OR,630498,27,97232
"Portland, OR",Portland,OR,630498,27,97233
"Portland, OR",Portland,OR,630498,27,97236
"Portland, OR",Portland,OR,630498,27,97239
"Portland, OR",Portland,OR,630498,27,97258
"Portland, OR",Portland,OR,630498,27,97266
"Louisville, KY",Louisville,KY,622981,28,40041
"Louisville, KY",Louisville,KY,622981,28,40202
"Louisville, KY",Louisville,KY,622981,28,40203
"Louisville, KY",Louisville,KY,622981,28,40204
"Louisville, KY",Louisville,KY,622981,28,40205
"Louisville, KY",Louisville,KY,622981,28,40206
"Louisville, KY",Louisville,KY,622981,28,40208
"Louisville, KY",Louisville,KY,622981,28,40209
"Louisville, KY",Louisville,KY,622981,28,40210
"Louisville, KY",Louisville,KY,622981,28,40211
"Louisville, KY",Louisville,KY,622981,28,40212
"Louisville, KY",Louisville,KY,622981,28,40213
"Louisville, KY",Louisville,KY,622981,28,40214
"Louisville, KY",Louisville,KY,622981,28,40215
"Louisville, KY",Louisville,KY,622981,28,40217
"Louisville, KY",Louisville,KY,622981,28,40220
"Louisville, KY",Louisville,KY,622981,28,40221
"Louisville, KY",Louisville,KY,622981,28,40231
"Louisville, KY",Louisville,KY,622981,28,40280
"Memphis, TN",Memphis,TN,618639,29,38016
"Memphis, TN",Memphis,TN,618639,29,38018
"Memphis, TN",Memphis,TN,618639,29,38103
"Memphis, TN",Memphis,TN,618639,29,38104
"Memphis, TN",Memphis,TN,618639,29,38105
"Memphis, TN",Memphis,TN,618639,29,38106
"Memphis, TN",Memphis,TN,618639,29,38107
"Memphis, TN",Memphis,TN,618639,29,38108
"Memphis, TN",Memphis,TN,618639,29,38109
"Memphis, TN",Memphis,TN,618639,29,38111
"Memphis, TN",Memphis,TN,618639,29,38112
"Memphis, TN",Memphis,TN,618639,29,38113
"Memphis, TN",Memphis,TN,618639,29,38114
"Memphis, TN",Memphis,TN,618639,29,38115
"Memphis, TN",Memphis,TN,618639,29,38116
"Memphis, TN",Memphis,TN,618639,29,38117
"Memphis, TN",Memphis,TN,618639,29,38118
"Memphis, TN",Memphis,TN,618639,29,38119
"Memphis, TN",Memphis,TN,618639,29,38120
"Memphis, TN",Memphis,TN,618639,29,38122
"Memphis, TN",Memphis,TN,618639,29,38126
"Memphis, TN",Memphis,TN,618639,29,38128
"Memphis, TN",Memphis,TN,618639,29,38131
"Memphis, TN",Memphis,TN,618639,29,38132
"Memphis, TN",Memphis,TN,618639,29,38134
"Memphis, TN",Memphis,TN,618639,29,38141
"Memphis, TN",Memphis,TN,618639,29,38152
"Baltimore, MD",Baltimore,MD,565239,30,21201
"Baltimore, MD",Baltimore,MD,565239,30,21202
"Baltimore, MD",Baltimore,MD,565239,30,21205
"Baltimore, MD",Baltimore,MD,565239,30,21206
"Baltimore, MD",Baltimore,MD,565239,30,21210
"Baltimore, MD",Baltimore,MD,565239,30,21211
"Baltimore, MD",Baltimore,MD,565239,30,21212
"Baltimore, MD",Baltimore,MD,565239,30,21213
"Baltimore, MD",Baltimore,MD,565239,30,21214
"Baltimore, MD",Baltimore,MD,565239,30,21215
"Baltimore, MD",Baltimore,MD,565239,30,21216
"Baltimore, MD",Baltimore,MD,565239,30,21217
"Baltimore, MD",Baltimore,MD,565239,30,21218
"Baltimore, MD",Baltimore,MD,565239,30,21223
"Baltimore, MD",Baltimore,MD,565239,30,21224
"Baltimore, MD",Baltimore,MD,565239,30,21226
"Baltimore, MD",Baltimore,MD,565239,30,21229
"Baltimore, MD",Baltimore,MD,565239,30,21230
"Baltimore, MD",Baltimore,MD,565239,30,21231
"Baltimore, MD",Baltimore,MD,565239,30,21233
"Baltimore, MD",Baltimore,MD,565239,30,21239
"Baltimore, MD",Baltimore,MD,565239,30,21251
"Baltimore, MD",Baltimore,MD,565239,30,21287
"Milwaukee, WI",Milwaukee,WI,561385,31,53202
"Milwaukee, WI",Milwaukee,WI,561385,31,53203
"Milwaukee, WI",Milwaukee,WI,561385,31,53204
"Milwaukee, WI",Milwaukee,WI,561385,31,53205
"Milwaukee, WI",Milwaukee,WI,561385,31,53206
"Milwaukee, WI",Milwaukee,WI,561385,31,53207
"Milwaukee, WI",Milwaukee,WI,561385,31,53208
"Milwaukee, WI",Milwaukee,WI,561385,31,53209
"Milwaukee, WI",Milwaukee,WI,561385,31,53210
"Milwaukee, WI",Milwaukee,WI,561385,31,53212
"Milwaukee, WI",Milwaukee,WI,561385,31,53215
"Milwaukee, WI",Milwaukee,WI,561385,31,53216
"Milwaukee, WI",Milwaukee,WI,561385,31,53218
"Milwaukee, WI",Milwaukee,WI,561385,31,53219
"Milwaukee, WI",Milwaukee,WI,561385,31,53221
"Milwaukee, WI",Milwaukee,WI,561385,31,53222
"Milwaukee, WI",Milwaukee,WI,561385,31,53223
"Milwaukee, WI",Milwaukee,WI,561385,31,53224
"Milwaukee, WI",Milwaukee,WI,561385,31,53225
"Milwaukee, WI",Milwaukee,WI,561385,31,53233
"Milwaukee, WI",Milwaukee,WI,561385,31,53295
"Albuquerque, NM",Albuquerque,NM,560274,32,87101
"Albuquerque, NM",Albuquerque,NM,560274,32,87102
"Albuquerque, NM",Albuquerque,NM,560274,32,87104
"Albuquerque, NM",Albuquerque,NM,560274,32,87106
"Albuquerque, NM",Albuquerque,NM,560274,32,87107
"Albuquerque, NM",Albuquerque,NM,560274,32,87108
"Albuquerque, NM",Albuquerque,NM,560274,32,87109
"Albuquerque, NM",Albuquerque,NM,560274,32,87110
"Albuquerque, NM",Albuquerque,NM,560274,32,87111
"Albuquerque, NM",Albuquerque,NM,560274,32,87112
"Albuquerque, NM",Albuquerque,NM,560274,32,87113
"Albuquerque, NM",Albuquerque,NM,560274,32,87120
"Tucson, AZ",Tucson,AZ,547239,33,85701
"Tucson, AZ",Tucson,AZ,547239,33,85705
"Tucson, AZ",Tucson,AZ,547239,33,85706
"Tucson, AZ",Tucson,AZ,547239,33,85707
"Tucson, AZ",Tucson,AZ,547239,33,85708
"Tucson, AZ",Tucson,AZ,547239,33,85709
"Tucson, AZ",Tucson,AZ,547239,33,85710
"Tucson, AZ",Tucson,AZ,547239,33,85711
"Tucson, AZ",Tucson,AZ,547239,33,85712
"Tucson, AZ",Tucson,AZ,547239,33,85713
"Tucson, AZ",Tucson,AZ,547239,33,85714
"Tucson, AZ",Tucson,AZ,547239,33,85715
"Tucson, AZ",Tucson,AZ,547239,33,85716
"Tucson, AZ",Tucson,AZ,547239,33,85719
"Tucson, AZ",Tucson,AZ,547239,33,85721
"Tucson, AZ",Tucson,AZ,547239,33,85723
"Tucson, AZ",Tucson,AZ,547239,33,85724
"Tucson, AZ",Tucson,AZ,547239,33,85726
"Tucson, AZ",Tucson,AZ,547239,33,85734
"Tucson, AZ",Tucson,AZ,547239,33,85747
"Tucson, AZ",Tucson,AZ,547239,33,85756
"Fresno, CA",Fresno,CA,545716,34,93650
"Fresno, CA",Fresno,CA,545716,34,93701
"Fresno, CA",Fresno,CA,545716,34,93702
"Fresno, CA",Fresno,CA,545716,34,93705
"Fresno, CA",Fresno,CA,545716,34,93710
"Fresno, CA",Fresno,CA,545716,34,93711
"Fresno, CA",Fresno,CA,545716,34,93720
"Fresno, CA",Fresno,CA,545716,34,93721
"Fresno, CA",Fresno,CA,545716,34,93722
"Fresno, CA",Fresno,CA,545716,34,93726
"Fresno, CA",Fresno,CA,545716,34,93728
"Fresno, CA",Fresno,CA,545716,34,93730
"Fresno, CA",Fresno,CA,545716,34,93740
"Fresno, CA",Fresno,CA,545716,34,93741
"Sacramento, CA",Sacramento,CA,526384,35,95811
"Sacramento, CA",Sacramento,CA,526384,35,95814
"Sacramento, CA",Sacramento,CA,526384,35,95815
"Sacramento, CA",Sacramento,CA,526384,35,95816
"Sacramento, CA",Sacramento,CA,526384,35,95817
"Sacramento, CA",Sacramento,CA,526384,35,95818
"Sacramento, CA",Sacramento,CA,526384,35,95819
"Sacramento, CA",Sacramento,CA,526384,35,95820
"Sacramento, CA",Sacramento,CA,526384,35,95822
"Sacramento, CA",Sacramento,CA,526384,35,95823
"Sacramento, CA",Sacramento,CA,526384,35,95824
"Sacramento, CA",Sacramento,CA,526384,35,95831
"Sacramento, CA",Sacramento,CA,526384,35,95833
"Sacramento, CA",Sacramento,CA,526384,35,95834
"Sacramento, CA",Sacramento,CA,526384,35,95835
"Sacramento, CA",Sacramento,CA,526384,35,95838
"Mesa, AZ",Mesa,AZ,511648,36,85201
"Mesa, AZ",Mesa,AZ,511648,36,85202
"Mesa, AZ",Mesa,AZ,511648,36,85203
"Mesa, AZ",Mesa,AZ,511648,36,85204
"Mesa, AZ",Mesa,AZ,511648,36,85205
"Mesa, AZ",Mesa,AZ,511648,36,85206
"Mesa, AZ",Mesa,AZ,511648,36,85207
"Mesa, AZ",Mesa,AZ,511648,36,85209
"Mesa, AZ",Mesa,AZ,511648,36,85210
"Mesa, AZ",Mesa,AZ,511648,36,85212
"Mesa, AZ",Mesa,AZ,511648,36,85213
"Atlanta, GA",Atlanta,GA,510823,37,30303
"Atlanta, GA",Atlanta,GA,510823,37,30305
"Atlanta, GA",Atlanta,GA,510823,37,30306
"Atlanta, GA",Atlanta,GA,510823,37,30307
"Atlanta, GA",Atlanta,GA,510823,37,30308
"Atlanta, GA",Atlanta,GA,510823,37,30309
"Atlanta, GA",Atlanta,GA,510823,37,30310
"Atlanta, GA",Atlanta,GA,510823,37,30311
"Atlanta, GA",Atlanta,GA,510823,37,30312
"Atlanta, GA",Atlanta,GA,510823,37,30313
"Atlanta, GA",Atlanta,GA,510823,37,30314
"Atlanta, GA",Atlanta,GA,510823,37,30315
"Atlanta, GA",Atlanta,GA,510823,37,30317
"Atlanta, GA",Atlanta,GA,510823,37,30318
"Atlanta, GA",Atlanta,GA,510823,37,30322
"Atlanta, GA",Atlanta,GA,510823,37,30324
"Atlanta, GA",Atlanta,GA,510823,37,30326
"Atlanta, GA",Atlanta,GA,510823,37,30327
"Atlanta, GA",Atlanta,GA,510823,37,30331
"Atlanta, GA",Atlanta,GA,510823,37,30332
"Atlanta, GA",Atlanta,GA,510823,37,30334
"Atlanta, GA",Atlanta,GA,510823,37,30354
"Atlanta, GA",Atlanta,GA,510823,37,30363
"Kansas City, MO",Kansas City,MO,510704,38,64101
"Kansas City, MO",Kansas City,MO,510704,38,64102
"Kansas City, MO",Kansas City,MO,510704,38,64105
"Kansas City, MO",Kansas City,MO,510704,38,64106
"Kansas City, MO",Kansas City,MO,510704,38,64108
"Kansas City, MO",Kansas City,MO,510704,38,64109
"Kansas City, MO",Kansas City,MO,510704,38,64110
"Kansas City, MO",Kansas City,MO,510704,38,64111
"Kansas City, MO",Kansas City,MO,510704,38,64112
"Kansas City, MO",Kansas City,MO,510704,38,64113
"Kansas City, MO",Kansas City,MO,510704,38,64114
"Kansas City, MO",Kansas City,MO,510704,38,64117
"Kansas City, MO",Kansas City,MO,510704,38,64119
"Kansas City, MO",Kansas City,MO,510704,38,64120
"Kansas City, MO",Kansas City,MO,510704,38,64123
"Kansas City, MO",Kansas City,MO,510704,38,64124
"Kansas City, MO",Kansas City,MO,510704,38,64125
"Kansas City, MO",Kansas City,MO,510704,38,64126
"Kansas City, MO",Kansas City,MO,510704,38,64127
"Kansas City, MO",Kansas City,MO,510704,38,64128
"Kansas City, MO",Kansas City,MO,510704,38,64129
"Kansas City, MO",Kansas City,MO,510704,38,64130
"Kansas City, MO",Kansas City,MO,510704,38,64131
"Kansas City, MO",Kansas City,MO,510704,38,64132
"Kansas City, MO",Kansas City,MO,510704,38,64134
"Kansas City, MO",Kansas City,MO,510704,38,64136
"Kansas City, MO",Kansas City,MO,510704,38,64137
"Kansas City, MO",Kansas City,MO,510704,38,64139
"Kansas City, MO",Kansas City,MO,510704,38,64145
"Kansas City, MO",Kansas City,MO,510704,38,64146
"Kansas City, MO",Kansas City,MO,510704,38,64147
"Kansas City, MO",Kansas City,MO,510704,38,64149
"Kansas City, MO",Kansas City,MO,510704,38,64151
"Kansas City, MO",Kansas City,MO,510704,38,64153
"Kansas City, MO",Kansas City,MO,510704,38,64154
"Kansas City, MO",Kansas City,MO,510704,38,64155
"Kansas City, MO",Kansas City,MO,510704,38,64156
"Kansas City, MO",Kansas City,MO,510704,38,64157
"Kansas City, MO",Kansas City,MO,510704,38,64158
"Kansas City, MO",Kansas City,MO,510704,38,64161
"Kansas City, MO",Kansas City,MO,510704,38,64163
"Kansas City, MO",Kansas City,MO,510704,38,64164
"Kansas City, MO",Kansas City,MO,510704,38,64165
"Colorado Springs, CO",Colorado Springs,CO,488664,39,80903
"Colorado Springs, CO",Colorado Springs,CO,488664,39,80904
"Colorado Springs, CO",Colorado Springs,CO,488664,39,80905
"Colorado Springs, CO",Colorado Springs,CO,488664,39,80907
"Colorado Springs, CO",Colorado Springs,CO,488664,39,80909
"Colorado Springs, CO",Colorado Springs,CO,488664,39,80910
"Colorado Springs, CO",Colorado Springs,CO,488664,39,80914
"Colorado Springs, CO",Colorado Springs,CO,488664,39,80916
"Colorado Springs, CO",Colorado Springs,CO,488664,39,80917
"Colorado Springs, CO",Colorado Springs,CO,488664,39,80918
"Colorado Springs, CO",Colorado Springs,CO,488664,39,80919
"Colorado Springs, CO",Colorado Springs,CO,488664,39,80920
"Colorado Springs, CO",Colorado Springs,CO,488664,39,80922
"Colorado Springs, CO",Colorado Springs,CO,488664,39,80923
"Colorado Springs, CO",Colorado Springs,CO,488664,39,80924
"Colorado Springs, CO",Colorado Springs,CO,488664,39,80925
"Colorado Springs, CO",Colorado Springs,CO,488664,39,80927
"Colorado Springs, CO",Colorado Springs,CO,488664,39,80938
"Colorado Springs, CO",Colorado Springs,CO,488664,39,80939
"Colorado Springs, CO",Colorado Springs,CO,488664,39,80951
"Omaha, NE",Omaha,NE,483335,40,68102
"Omaha, NE",Omaha,NE,483335,40,68104
"Omaha, NE",Omaha,NE,483335,40,68105
"Omaha, NE",Omaha,NE,483335,40,68106
"Omaha, NE",Omaha,NE,483335,40,68107
"Omaha, NE",Omaha,NE,483335,40,68108
"Omaha, NE",Omaha,NE,483335,40,68111
"Omaha, NE",Omaha,NE,483335,40,68114
"Omaha, NE",Omaha,NE,483335,40,68116
"Omaha, NE",Omaha,NE,483335,40,68117
"Omaha, NE",Omaha,NE,483335,40,68118
"Omaha, NE",Omaha,NE,483335,40,68122
"Omaha, NE",Omaha,NE,483335,40,68124
"Omaha, NE",Omaha,NE,483335,40,68127
"Omaha, NE",Omaha,NE,483335,40,68130
"Omaha, NE",Omaha,NE,483335,40,68131
"Omaha, NE",Omaha,NE,483335,40,68132
"Omaha, NE",Omaha,NE,483335,40,68134
"Omaha, NE",Omaha,NE,483335,40,68135
"Omaha, NE",Omaha,NE,483335,40,68137
"Omaha, NE",Omaha,NE,483335,40,68144
"Omaha, NE",Omaha,NE,483335,40,68154
"Omaha, NE",Omaha,NE,483335,40,68164
"Omaha, NE",Omaha,NE,483335,40,68178
"Omaha, NE",Omaha,NE,483335,40,68182
"Omaha, NE",Omaha,NE,483335,40,68183
"Raleigh, NC",Raleigh,NC,482295,41,27601
"Raleigh, NC",Raleigh,NC,482295,41,27604
"Raleigh, NC",Raleigh,NC,482295,41,27605
"Raleigh, NC",Raleigh,NC,482295,41,27607
"Raleigh, NC",Raleigh,NC,482295,41,27608
"Raleigh, NC",Raleigh,NC,482295,41,27609
"Raleigh, NC",Raleigh,NC,482295,41,27612
"Raleigh, NC",Raleigh,NC,482295,41,27616
"Raleigh, NC",Raleigh,NC,482295,41,27695
"Raleigh, NC",Raleigh,NC,482295,41,27697
"Miami, FL",Miami,FL,455924,42,33101
"Miami, FL",Miami,FL,455924,42,33125
"Miami, FL",Miami,FL,455924,42,33127
"Miami, FL",Miami,FL,455924,42,33128
"Miami, FL",Miami,FL,455924,42,33129
"Miami, FL",Miami,FL,455924,42,33130
"Miami, FL",Miami,FL,455924,42,33131
"Miami, FL",Miami,FL,455924,42,33132
"Miami, FL",Miami,FL,455924,42,33133
"Miami, FL",Miami,FL,455924,42,33135
"Miami, FL",Miami,FL,455924,42,33136
"Miami, FL",Miami,FL,455924,42,33137
"Miami, FL",Miami,FL,455924,42,33138
"Miami, FL",Miami,FL,455924,42,33144
"Miami, FL",Miami,FL,455924,42,33145
"Virginia Beach, VA",Virginia Beach,VA,453649,43,23451
"Virginia Beach, VA",Virginia Beach,VA,453649,43,23452
"Virginia Beach, VA",Virginia Beach,VA,453649,43,23453
"Virginia Beach, VA",Virginia Beach,VA,453649,43,23454
"Virginia Beach, VA",Virginia Beach,VA,453649,43,23455
"Virginia Beach, VA",Virginia Beach,VA,453649,43,23456
"Virginia Beach, VA",Virginia Beach,VA,453649,43,23457
"Virginia Beach, VA",Virginia Beach,VA,453649,43,23459
"Virginia Beach, VA",Virginia Beach,VA,453649,43,23460
"Virginia Beach, VA",Virginia Beach,VA,453649,43,23461
"Virginia Beach, VA",Virginia Beach,VA,453649,43,23462
"Virginia Beach, VA",Virginia Beach,VA,453649,43,23464
"Long Beach, CA",Long Beach,CA,449468,44,90802
"Long Beach, CA",Long Beach,CA,449468,44,90803
"Long Beach, CA",Long Beach,CA,449468,44,90804
"Long Beach, CA",Long Beach,CA,449468,44,90805
"Long Beach, CA",Long Beach,CA,449468,44,90806
"Long Beach, CA",Long Beach,CA,449468,44,90807
"Long Beach, CA",Long Beach,CA,449468,44,90808
"Long Beach, CA",Long Beach,CA,449468,44,90810
"Long Beach, CA",Long Beach,CA,449468,44,90813
"Long Beach, CA",Long Beach,CA,449468,44,90814
"Long Beach, CA",Long Beach,CA,449468,44,90815
"Long Beach, CA",Long Beach,CA,449468,44,90822
"Long Beach, CA",Long Beach,CA,449468,44,90831
"Long Beach, CA",Long Beach,CA,449468,44,90840
"Oakland, CA",Oakland,CA,436504,45,94601
"Oakland, CA",Oakland,CA,436504,45,94602
"Oakland, CA",Oakland,CA,436504,45,94603
"Oakland, CA",Oakland,CA,436504,45,94605
"Oakland, CA",Oakland,CA,436504,45,94606
"Oakland, CA",Oakland,CA,436504,45,94607
"Oakland, CA",Oakland,CA,436504,45,94609
"Oakland, CA",Oakland,CA,436504,45,94610
"Oakland, CA",Oakland,CA,436504,45,94611
"Oakland, CA",Oakland,CA,436504,45,94612
"Oakland, CA",Oakland,CA,436504,45,94613
"Oakland, CA",Oakland,CA,436504,45,94618
"Oakland, CA",Oakland,CA,436504,45,94619
"Oakland, CA",Oakland,CA,436504,45,94621
"Oakland, CA",Oakland,CA,436504,45,94705
"Minneapolis, MN",Minneapolis,MN,425115,46,55401
"Minneapolis, MN",Minneapolis,MN,425115,46,55402
"Minneapolis, MN",Minneapolis,MN,425115,46,55403
"Minneapolis, MN",Minneapolis,MN,425115,46,55404
"Minneapolis, MN",Minneapolis,MN,425115,46,55405
"Minneapolis, MN",Minneapolis,MN,425115,46,55406
"Minneapolis, MN",Minneapolis,MN,425115,46,55407
"Minneapolis, MN",Minneapolis,MN,425115,46,55408
"Minneapolis, MN",Minneapolis,MN,425115,46,55409
"Minneapolis, MN",Minneapolis,MN,425115,46,55410
"Minneapolis, MN",Minneapolis,MN,425115,46,55411
"Minneapolis, MN",Minneapolis,MN,425115,46,55412
"Minneapolis, MN",Minneapolis,MN,425115,46,55413
"Minneapolis, MN",Minneapolis,MN,425115,46,55414
"Minneapolis, MN",Minneapolis,MN,425115,46,55415
"Minneapolis, MN",Minneapolis,MN,425115,46,55417
"Minneapolis, MN",Minneapolis,MN,425115,46,55418
"Minneapolis, MN",Minneapolis,MN,425115,46,55419
"Minneapolis, MN",Minneapolis,MN,425115,46,55454
"Minneapolis, MN",Minneapolis,MN,425115,46,55455
"Bakersfield, CA",Bakersfield,CA,413381,47,93301
"Bakersfield, CA",Bakersfield,CA,413381,47,93304
"Bakersfield, CA",Bakersfield,CA,413381,47,93309
"Tulsa, OK",Tulsa,OK,411894,48,74103
"Tulsa, OK",Tulsa,OK,411894,48,74104
"Tulsa, OK",Tulsa,OK,411894,48,74105
"Tulsa, OK",Tulsa,OK,411894,48,74106
"Tulsa, OK",Tulsa,OK,411894,48,74108
"Tulsa, OK",Tulsa,OK,411894,48,74110
"Tulsa, OK",Tulsa,OK,411894,48,74112
"Tulsa, OK",Tulsa,OK,411894,48,74114
"Tulsa, OK",Tulsa,OK,411894,48,74115
"Tulsa, OK",Tulsa,OK,411894,48,74116
"Tulsa, OK",Tulsa,OK,411894,48,74119
"Tulsa, OK",Tulsa,OK,411894,48,74120
"Tulsa, OK",Tulsa,OK,411894,48,74127
"Tulsa, OK",Tulsa,OK,411894,48,74128
"Tulsa, OK",Tulsa,OK,411894,48,74129
"Tulsa, OK",Tulsa,OK,411894,48,74132
"Tulsa, OK",Tulsa,OK,411894,48,74133
"Tulsa, OK",Tulsa,OK,411894,48,74134
"Tulsa, OK",Tulsa,OK,411894,48,74135
"Tulsa, OK",Tulsa,OK,411894,48,74136
"Tulsa, OK",Tulsa,OK,411894,48,74137
"Tulsa, OK",Tulsa,OK,411894,48,74145
"Tulsa, OK",Tulsa,OK,411894,48,74146
"Tulsa, OK",Tulsa,OK,411894,48,74171
"Tampa, FL",Tampa,FL,403364,49,33602
"Tampa, FL",Tampa,FL,403364,49,33603
"Tampa, FL",Tampa,FL,403364,49,33604
"Tampa, FL",Tampa,FL,403364,49,33605
"Tampa, FL",Tampa,FL,403364,49,33607
"Tampa, FL",Tampa,FL,403364,49,33609
"Tampa, FL",Tampa,FL,403364,49,33611
"Tampa, FL",Tampa,FL,403364,49,33612
"Tampa, FL",Tampa,FL,403364,49,33616
"Tampa, FL",Tampa,FL,403364,49,33620
"Tampa, FL",Tampa,FL,403364,49,33621
"Tampa, FL",Tampa,FL,403364,49,33629
"Arlington, TX",Arlington,TX,398431,50,76001
"Arlington, TX",Arlington,TX,398431,50,76002
"Arlington, TX",Arlington,TX,398431,50,76005
"Arlington, TX",Arlington,TX,398431,50,76006
"Arlington, TX",Arlington,TX,398431,50,76010
"Arlington, TX",Arlington,TX,398431,50,76011
"Arlington, TX",Arlington,TX,398431,50,76012
"Arlington, TX",Arlington,TX,398431,50,76014
"Arlington, TX",Arlington,TX,398431,50,76015
"Arlington, TX",Arlington,TX,398431,50,76016
"Arlington, TX",Arlington,TX,398431,50,76017
"Arlington, TX",Arlington,TX,398431,50,76018
"Wichita, KS",Wichita,KS,396119,51,67202
"Wichita, KS",Wichita,KS,396119,51,67203
"Wichita, KS",Wichita,KS,396119,51,67204
"Wichita, KS",Wichita,KS,396119,51,67205
"Wichita, KS",Wichita,KS,396119,51,67207
"Wichita, KS",Wichita,KS,396119,51,67208
"Wichita, KS",Wichita,KS,396119,51,67209
"Wichita, KS",Wichita,KS,396119,51,67211
"Wichita, KS",Wichita,KS,396119,51,67212
"Wichita, KS",Wichita,KS,396119,51,67213
"Wichita, KS",Wichita,KS,396119,51,67214
"Wichita, KS",Wichita,KS,396119,51,67216
"Wichita, KS",Wichita,KS,396119,51,67217
"Wichita, KS",Wichita,KS,396119,51,67218
"Wichita, KS",Wichita,KS,396119,51,67220
"Wichita, KS",Wichita,KS,396119,51,67226
"Wichita, KS",Wichita,KS,396119,51,67230
"Wichita, KS",Wichita,KS,396119,51,67235
"Wichita, KS",Wichita,KS,396119,51,67260
"Aurora, CO",Aurora,CO,395052,52,80010
"Aurora, CO",Aurora,CO,395052,52,80011
"Aurora, CO",Aurora,CO,395052,52,80012
"Aurora, CO",Aurora,CO,395052,52,80013
"Aurora, CO",Aurora,CO,395052,52,80014
"Aurora, CO",Aurora,CO,395052,52,80015
"Aurora, CO",Aurora,CO,395052,52,80016
"Aurora, CO",Aurora,CO,395052,52,80017
"Aurora, CO",Aurora,CO,395052,52,80018
"Aurora, CO",Aurora,CO,395052,52,80019
"Aurora, CO",Aurora,CO,395052,52,80045
"New Orleans, LA",New Orleans,LA,364136,53,70112
"New Orleans, LA",New Orleans,LA,364136,53,70113
"New Orleans, LA",New Orleans,LA,364136,53,70114
"New Orleans, LA",New Orleans,LA,364136,53,70115
"New Orleans, LA",New Orleans,LA,364136,53,70116
"New Orleans, LA",New Orleans,LA,364136,53,70117
"New Orleans, LA",New Orleans,LA,364136,53,70118
"New Orleans, LA",New Orleans,LA,364136,53,70119
"New Orleans, LA",New Orleans,LA,364136,53,70122
"New Orleans, LA",New Orleans,LA,364136,53,70124
"New Orleans, LA",New Orleans,LA,364136,53,70125
"New Orleans, LA",New Orleans,LA,364136,53,70126
"New Orleans, LA",New Orleans,LA,364136,53,70127
"New Orleans, LA",New Orleans,LA,364136,53,70128
"New Orleans, LA",New Orleans,LA,364136,53,70129
"New Orleans, LA",New Orleans,LA,364136,53,70130
"New Orleans, LA",New Orleans,LA,364136,53,70131
"New Orleans, LA",New Orleans,LA,364136,53,70139
"New Orleans, LA",New Orleans,LA,364136,53,70148
"New Orleans, LA",New Orleans,LA,364136,53,70163
"Cleveland, OH",Cleveland,OH,362656,54,44101
"Cleveland, OH",Cleveland,OH,362656,54,44102
"Cleveland, OH",Cleveland,OH,362656,54,44103
"Cleveland, OH",Cleveland,OH,362656,54,44104
"Cleveland, OH",Cleveland,OH,362656,54,44105
"Cleveland, OH",Cleveland,OH,362656,54,44106
"Cleveland, OH",Cleveland,OH,362656,54,44108
"Cleveland, OH",Cleveland,OH,362656,54,44109
"Cleveland, OH",Cleveland,OH,362656,54,44110
"Cleveland, OH",Cleveland,OH,362656,54,44111
"Cleveland, OH",Cleveland,OH,362656,54,44113
"Cleveland, OH",Cleveland,OH,362656,54,44114
"Cleveland, OH",Cleveland,OH,362656,54,44115
"Cleveland, OH",Cleveland,OH,362656,54,44119
"Cleveland, OH",Cleveland,OH,362656,54,44127
"Cleveland, OH",Cleveland,OH,362656,54,44135
"Honolulu, HI",Honolulu,HI,341778,55,96813
"Honolulu, HI",Honolulu,HI,341778,55,96814
"Honolulu, HI",Honolulu,HI,341778,55,96815
"Honolulu, HI",Honolulu,HI,341778,55,96816
"Honolulu, HI",Honolulu,HI,341778,55,96817
"Honolulu, HI",Honolulu,HI,341778,55,96818
"Honolulu, HI",Honolulu,HI,341778,55,96819
"Honolulu, HI",Honolulu,HI,341778,55,96820
"Honolulu, HI",Honolulu,HI,341778,55,96821
"Honolulu, HI",Honolulu,HI,341778,55,96822
"Honolulu, HI",Honolulu,HI,341778,55,96825
"Honolulu, HI",Honolulu,HI,341778,55,96826
"Honolulu, HI",Honolulu,HI,341778,55,96848
"Honolulu, HI",Honolulu,HI,341778,55,96850
"Honolulu, HI",Honolulu,HI,341778,55,96858
"Honolulu, HI",Honolulu,HI,341778,55,96859
"Anaheim, CA",Anaheim,CA,340512,56,92801
"Anaheim, CA",Anaheim,CA,340512,56,92802
"Anaheim, CA",Anaheim,CA,340512,56,92804
"Anaheim, CA",Anaheim,CA,340512,56,92805
"Anaheim, CA",Anaheim,CA,340512,56,92806
"Anaheim, CA",Anaheim,CA,340512,56,92807
"Anaheim, CA",Anaheim,CA,340512,56,92808
"Henderson, NV",Henderson,NV,337305,57,89002
"Henderson, NV",Henderson,NV,337305,57,89011
"Henderson, NV",Henderson,NV,337305,57,89012
"Henderson, NV",Henderson,NV,337305,57,89014
"Henderson, NV",Henderson,NV,337305,57,89015
"Henderson, NV",Henderson,NV,337305,57,89052
"Henderson, NV",Henderson,NV,337305,57,89054
"Henderson, NV",Henderson,NV,337305,57,89074
"Orlando, FL",Orlando,FL,320742,58,32801
"Orlando, FL",Orlando,FL,320742,58,32803
"Orlando, FL",Orlando,FL,320742,58,32804
"Orlando, FL",Orlando,FL,320742,58,32805
"Orlando, FL",Orlando,FL,320742,58,32808
"Orlando, FL",Orlando,FL,320742,58,32811
"Orlando, FL",Orlando,FL,320742,58,32814
"Orlando, FL",Orlando,FL,320742,58,32827
"Lexington, KY",Lexington,KY,320154,59,40502
"Lexington, KY",Lexington,KY,320154,59,40503
"Lexington, KY",Lexington,KY,320154,59,40504
"Lexington, KY",Lexington,KY,320154,59,40505
"Lexington, KY",Lexington,KY,320154,59,40507
"Lexington, KY",Lexington,KY,320154,59,40508
"Lexington, KY",Lexington,KY,320154,59,40509
"Lexington, KY",Lexington,KY,320154,59,40510
"Lexington, KY",Lexington,KY,320154,59,40511
"Lexington, KY",Lexington,KY,320154,59,40513
"Lexington, KY",Lexington,KY,320154,59,40514
"Lexington, KY",Lexington,KY,320154,59,40515
"Lexington, KY",Lexington,KY,320154,59,40516
"Lexington, KY",Lexington,KY,320154,59,40517
"Lexington, KY",Lexington,KY,320154,59,40526
"Lexington, KY",Lexington,KY,320154,59,40536
"Stockton, CA",Stockton,CA,319543,60,95202
"Stockton, CA",Stockton,CA,319543,60,95203
"Stockton, CA",Stockton,CA,319543,60,95204
"Stockton, CA",Stockton,CA,319543,60,95205
"Stockton, CA",Stockton,CA,319543,60,95207
"Stockton, CA",Stockton,CA,319543,60,95209
"Stockton, CA",Stockton,CA,319543,60,95210
"Stockton, CA",Stockton,CA,319543,60,95211
"Riverside, CA",Riverside,CA,318858,61,92501
"Riverside, CA",Riverside,CA,318858,61,92504
"Riverside, CA",Riverside,CA,318858,61,92505
"Riverside, CA",Riverside,CA,318858,61,92506
"Riverside, CA",Riverside,CA,318858,61,92507
"Riverside, CA",Riverside,CA,318858,61,92508
"Riverside, CA",Riverside,CA,318858,61,92521
"Corpus Christi, TX",Corpus Christi,TX,316595,62,78373
"Corpus Christi, TX",Corpus Christi,TX,316595,62,78401
"Corpus Christi, TX",Corpus Christi,TX,316595,62,78404
"Corpus Christi, TX",Corpus Christi,TX,316595,62,78405
"Corpus Christi, TX",Corpus Christi,TX,316595,62,78406
"Corpus Christi, TX",Corpus Christi,TX,316595,62,78408
"Corpus Christi, TX",Corpus Christi,TX,316595,62,78409
"Corpus Christi, TX",Corpus Christi,TX,316595,62,78410
"Corpus Christi, TX",Corpus Christi,TX,316595,62,78411
"Corpus Christi, TX",Corpus Christi,TX,316595,62,78412
"Corpus Christi, TX",Corpus Christi,TX,316595,62,78413
"Corpus Christi, TX",Corpus Christi,TX,316595,62,78414
"Corpus Christi, TX",Corpus Christi,TX,316595,62,78416
"Corpus Christi, TX",Corpus Christi,TX,316595,62,78417
"Corpus Christi, TX",Corpus Christi,TX,316595,62,78419
"Irvine, CA",Irvine,CA,314621,63,92602
"Irvine, CA",Irvine,CA,314621,63,92603
"Irvine, CA",Irvine,CA,314621,63,92604
"Irvine, CA",Irvine,CA,314621,63,92612
"Irvine, CA",Irvine,CA,314621,63,92614
"Irvine, CA",Irvine,CA,314621,63,92617
"Irvine, CA",Irvine,CA,314621,63,92618
"Irvine, CA",Irvine,CA,314621,63,92620
"Irvine, CA",Irvine,CA,314621,63,92697
"Cincinnati, OH",Cincinnati,OH,311097,64,45202
"Cincinnati, OH",Cincinnati,OH,311097,64,45203
"Cincinnati, OH",Cincinnati,OH,311097,64,45204
"Cincinnati, OH",Cincinnati,OH,311097,64,45205
"Cincinnati, OH",Cincinnati,OH,311097,64,45206
"Cincinnati, OH",Cincinnati,OH,311097,64,45207
"Cincinnati, OH",Cincinnati,OH,311097,64,45208
"Cincinnati, OH",Cincinnati,OH,311097,64,45209
"Cincinnati, OH",Cincinnati,OH,311097,64,45211
"Cincinnati, OH",Cincinnati,OH,311097,64,45213
"Cincinnati, OH",Cincinnati,OH,311097,64,45214
"Cincinnati, OH",Cincinnati,OH,311097,64,45216
"Cincinnati, OH",Cincinnati,OH,311097,64,45219
"Cincinnati, OH",Cincinnati,OH,311097,64,45220
"Cincinnati, OH",Cincinnati,OH,311097,64,45223
"Cincinnati, OH",Cincinnati,OH,311097,64,45225
"Cincinnati, OH",Cincinnati,OH,311097,64,45226
"Cincinnati, OH",Cincinnati,OH,311097,64,45227
"Cincinnati, OH",Cincinnati,OH,311097,64,45229
"Cincinnati, OH",Cincinnati,OH,311097,64,45232
"Cincinnati, OH",Cincinnati,OH,311097,64,45267
"Santa Ana, CA",Santa Ana,CA,310539,65,92701
"Santa Ana, CA",Santa Ana,CA,310539,65,92703
"Santa Ana, CA",Santa Ana,CA,310539,65,92704
"Santa Ana, CA",Santa Ana,CA,310539,65,92706
"Santa Ana, CA",Santa Ana,CA,310539,65,92707
"Newark, NJ",Newark,NJ,304960,66,07102
"Newark, NJ",Newark,NJ,304960,66,07103
"Newark, NJ",Newark,NJ,304960,66,07104
"Newark, NJ",Newark,NJ,304960,66,07105
"Newark, NJ",Newark,NJ,304960,66,07106
"Newark, NJ",Newark,NJ,304960,66,07107
"Newark, NJ",Newark,NJ,304960,66,07108
"Newark, NJ",Newark,NJ,304960,66,07112
"Newark, NJ",Newark,NJ,304960,66,07114
"Pittsburgh, PA",Pittsburgh,PA,303255,68,15201
"Pittsburgh, PA",Pittsburgh,PA,303255,68,15203
"Pittsburgh, PA",Pittsburgh,PA,303255,68,15204
"Pittsburgh, PA",Pittsburgh,PA,303255,68,15206
"Pittsburgh, PA",Pittsburgh,PA,303255,68,15207
"Pittsburgh, PA",Pittsburgh,PA,303255,68,15208
"Pittsburgh, PA",Pittsburgh,PA,303255,68,15211
"Pittsburgh, PA",Pittsburgh,PA,303255,68,15212
"Pittsburgh, PA",Pittsburgh,PA,303255,68,15213
"Pittsburgh, PA",Pittsburgh,PA,303255,68,15214
"Pittsburgh, PA",Pittsburgh,PA,303255,68,15216
"Pittsburgh, PA",Pittsburgh,PA,303255,68,15217
"Pittsburgh, PA",Pittsburgh,PA,303255,68,15219
"Pittsburgh, PA",Pittsburgh,PA,303255,68,15222
"Pittsburgh, PA",Pittsburgh,PA,303255,68,15224
"Pittsburgh, PA",Pittsburgh,PA,303255,68,15226
"Pittsburgh, PA",Pittsburgh,PA,303255,68,15232
"Pittsburgh, PA",Pittsburgh,PA,303255,68,15233
"Pittsburgh, PA",Pittsburgh,PA,303255,68,15260
"Pittsburgh, PA",Pittsburgh,PA,303255,68,15282
"Pittsburgh, PA",Pittsburgh,PA,303255,68,15290
"Greensboro, NC",Greensboro,NC,302296,69,27235
"Greensboro, NC",Greensboro,NC,302296,69,27401
"Greensboro, NC",Greensboro,NC,302296,69,27403
"Greensboro, NC",Greensboro,NC,302296,69,27408
"Greensboro, NC",Greensboro,NC,302296,69,27410
"Greensboro, NC",Greensboro,NC,302296,69,27411
"Greensboro, NC",Greensboro,NC,302296,69,27412
"Durham, NC",Durham,NC,296186,70,27701
"Durham, NC",Durham,NC,296186,70,27703
"Durham, NC",Durham,NC,296186,70,27707
"Durham, NC",Durham,NC,296186,70,27708
"Durham, NC",Durham,NC,296186,70,27713
"Lincoln, NE",Lincoln,NE,294757,71,68502
"Lincoln, NE",Lincoln,NE,294757,71,68503
"Lincoln, NE",Lincoln,NE,294757,71,68504
"Lincoln, NE",Lincoln,NE,294757,71,68505
"Lincoln, NE",Lincoln,NE,294757,71,68506
"Lincoln, NE",Lincoln,NE,294757,71,68508
"Lincoln, NE",Lincoln,NE,294757,71,68510
"Lincoln, NE",Lincoln,NE,294757,71,68512
"Lincoln, NE",Lincoln,NE,294757,71,68516
"Lincoln, NE",Lincoln,NE,294757,71,68521
"Lincoln, NE",Lincoln,NE,294757,71,68522
"Lincoln, NE",Lincoln,NE,294757,71,68588
"Jersey City, NJ",Jersey City,NJ,291657,72,07302
"Jersey City, NJ",Jersey City,NJ,291657,72,07304
"Jersey City, NJ",Jersey City,NJ,291657,72,07305
"Jersey City, NJ",Jersey City,NJ,291657,72,07306
"Jersey City, NJ",Jersey City,NJ,291657,72,07307
"Jersey City, NJ",Jersey City,NJ,291657,72,07310
"Jersey City, NJ",Jersey City,NJ,291657,72,07311
"Plano, TX",Plano,TX,290190,73,75023
"Plano, TX",Plano,TX,290190,73,75024
"Plano, TX",Plano,TX,290190,73,75025
"Plano, TX",Plano,TX,290190,73,75074
"Plano, TX",Plano,TX,290190,73,75075
"Plano, TX",Plano,TX,290190,73,75093
"Anchorage, AK",Anchorage,AK,286075,74,99501
"Anchorage, AK",Anchorage,AK,286075,74,99502
"Anchorage, AK",Anchorage,AK,286075,74,99504
"Anchorage, AK",Anchorage,AK,286075,74,99505
"Anchorage, AK",Anchorage,AK,286075,74,99506
"Anchorage, AK",Anchorage,AK,286075,74,99507
"Anchorage, AK",Anchorage,AK,286075,74,99508
"Anchorage, AK",Anchorage,AK,286075,74,99513
"Anchorage, AK",Anchorage,AK,286075,74,99515
"Anchorage, AK",Anchorage,AK,286075,74,99516
"Anchorage, AK",Anchorage,AK,286075,74,99517
"Anchorage, AK",Anchorage,AK,286075,74,99518
"Anchorage, AK",Anchorage,AK,286075,74,99530
"Anchorage, AK",Anchorage,AK,286075,74,99540
"Anchorage, AK",Anchorage,AK,286075,74,99567
"Anchorage, AK",Anchorage,AK,286075,74,99577
"Anchorage, AK",Anchorage,AK,286075,74,99587
"North Las Vegas, NV",North Las Vegas,NV,284771,75,89030
"North Las Vegas, NV",North Las Vegas,NV,284771,75,89031
"North Las Vegas, NV",North Las Vegas,NV,284771,75,89032
"North Las Vegas, NV",North Las Vegas,NV,284771,75,89081
"North Las Vegas, NV",North Las Vegas,NV,284771,75,89084
"North Las Vegas, NV",North Las Vegas,NV,284771,75,89085
"North Las Vegas, NV",North Las Vegas,NV,284771,75,89086
"St. Louis, MO",St. Louis,MO,281754,76,63101
"St. Louis, MO",St. Louis,MO,281754,76,63102
"St. Louis, MO",St. Louis,MO,281754,76,63103
"St. Louis, MO",St. Louis,MO,281754,76,63104
"St. Louis, MO",St. Louis,MO,281754,76,63106
"St. Louis, MO",St. Louis,MO,281754,76,63107
"St. Louis, MO",St. Louis,MO,281754,76,63108
"St. Louis, MO",St. Louis,MO,281754,76,63109
"St. Louis, MO",St. Louis,MO,281754,76,63110
"St. Louis, MO",St. Louis,MO,281754,76,63111
"St. Louis, MO",St. Louis,MO,281754,76,63112
"St. Louis, MO",St. Louis,MO,281754,76,63113
"St. Louis, MO",St. Louis,MO,281754,76,63115
"St. Louis, MO",St. Louis,MO,281754,76,63116
"St. Louis, MO",St. Louis,MO,281754,76,63118
"St. Louis, MO",St. Louis,MO,281754,76,63120
"St. Louis, MO",St. Louis,MO,281754,76,63139
"St. Louis, MO",St. Louis,MO,281754,76,63147
"St. Louis, MO",St. Louis,MO,281754,76,63155
"Madison, WI",Madison,WI,280305,77,53703
"Madison, WI",Madison,WI,280305,77,53704
"Madison, WI",Madison,WI,280305,77,53705
"Madison, WI",Madison,WI,280305,77,53706
"Madison, WI",Madison,WI,280305,77,53713
"Madison, WI",Madison,WI,280305,77,53714
"Madison, WI",Madison,WI,280305,77,53715
"Madison, WI",Madison,WI,280305,77,53716
"Madison, WI",Madison,WI,280305,77,53717
"Madison, WI",Madison,WI,280305,77,53718
"Madison, WI",Madison,WI,280305,77,53719
"Madison, WI",Madison,WI,280305,77,53726
"Madison, WI",Madison,WI,280305,77,53792
"Chandler, AZ",Chandler,AZ,280167,78,85224
"Chandler, AZ",Chandler,AZ,280167,78,85225
"Chandler, AZ",Chandler,AZ,280167,78,85249
"Chandler, AZ",Chandler,AZ,280167,78,85286
"Gilbert, AZ",Gilbert,AZ,275411,79,85233
"Gilbert, AZ",Gilbert,AZ,275411,79,85234
"Gilbert, AZ",Gilbert,AZ,275411,79,85236
"Gilbert, AZ",Gilbert,AZ,275411,79,85295
"Gilbert, AZ",Gilbert,AZ,275411,79,85296
"Gilbert, AZ",Gilbert,AZ,275411,79,85297
"Gilbert, AZ",Gilbert,AZ,275411,79,85298
"Reno, NV",Reno,NV,274915,80,89439
"Reno, NV",Reno,NV,274915,80,89501
"Reno, NV",Reno,NV,274915,80,89503
"Reno, NV",Reno,NV,274915,80,89509
"Reno, NV",Reno,NV,274915,80,89512
"Reno, NV",Reno,NV,274915,80,89519
"Reno, NV",Reno,NV,274915,80,89523
"Reno, NV",Reno,NV,274915,80,89557
"Buffalo, NY",Buffalo,NY,274678,81,14201
"Buffalo, NY",Buffalo,NY,274678,81,14202
"Buffalo, NY",Buffalo,NY,274678,81,14203
"Buffalo, NY",Buffalo,NY,274678,81,14204
"Buffalo, NY",Buffalo,NY,274678,81,14206
"Buffalo, NY",Buffalo,NY,274678,81,14207
"Buffalo, NY",Buffalo,NY,274678,81,14208
"Buffalo, NY",Buffalo,NY,274678,81,14209
"Buffalo, NY",Buffalo,NY,274678,81,14210
"Buffalo, NY",Buffalo,NY,274678,81,14211
"Buffalo, NY",Buffalo,NY,274678,81,14212
"Buffalo, NY",Buffalo,NY,274678,81,14213
"Buffalo, NY",Buffalo,NY,274678,81,14214
"Buffalo, NY",Buffalo,NY,274678,81,14215
"Buffalo, NY",Buffalo,NY,274678,81,14216
"Buffalo, NY",Buffalo,NY,274678,81,14220
"Buffalo, NY",Buffalo,NY,274678,81,14222
"Chula Vista, CA",Chula Vista,CA,274333,82,91910
"Chula Vista, CA",Chula Vista,CA,274333,82,91911
"Chula Vista, CA",Chula Vista,CA,274333,82,91913
"Chula Vista, CA",Chula Vista,CA,274333,82,91914
"Chula Vista, CA",Chula Vista,CA,274333,82,91915
"Fort Wayne, IN",Fort Wayne,IN,269994,83,46802
"Fort Wayne, IN",Fort Wayne,IN,269994,83,46803
"Fort Wayne, IN",Fort Wayne,IN,269994,83,46804
"Fort Wayne, IN",Fort Wayne,IN,269994,83,46805
"Fort Wayne, IN",Fort Wayne,IN,269994,83,46806
"Fort Wayne, IN",Fort Wayne,IN,269994,83,46807
"Fort Wayne, IN",Fort Wayne,IN,269994,83,46808
"Fort Wayne, IN",Fort Wayne,IN,269994,83,46815
"Fort Wayne, IN",Fort Wayne,IN,269994,83,46825
"Lubbock, TX",Lubbock,TX,266878,84,79401
"Lubbock, TX",Lubbock,TX,266878,84,79402
"Lubbock, TX",Lubbock,TX,266878,84,79404
"Lubbock, TX",Lubbock,TX,266878,84,79406
"Lubbock, TX",Lubbock,TX,266878,84,79410
"Lubbock, TX",Lubbock,TX,266878,84,79411
"Lubbock, TX",Lubbock,TX,266878,84,79412
"Lubbock, TX",Lubbock,TX,266878,84,79413
"Lubbock, TX",Lubbock,TX,266878,84,79414
"Lubbock, TX",Lubbock,TX,266878,84,79424
"Toledo, OH",Toledo,OH,265304,85,43604
"Toledo, OH",Toledo,OH,265304,85,43605
"Toledo, OH",Toledo,OH,265304,85,43606
"Toledo, OH",Toledo,OH,265304,85,43607
"Toledo, OH",Toledo,OH,265304,85,43608
"Toledo, OH",Toledo,OH,265304,85,43609
"Toledo, OH",Toledo,OH,265304,85,43610
"Toledo, OH",Toledo,OH,265304,85,43611
"Toledo, OH",Toledo,OH,265304,85,43612
"Toledo, OH",Toledo,OH,265304,85,43613
"Toledo, OH",Toledo,OH,265304,85,43614
"Toledo, OH",Toledo,OH,265304,85,43615
"Toledo, OH",Toledo,OH,265304,85,43620
"Toledo, OH",Toledo,OH,265304,85,43623
"St. Petersburg, FL",St. Petersburg,FL,263553,86,33701
"St. Petersburg, FL",St. Petersburg,FL,263553,86,33702
"St. Petersburg, FL",St. Petersburg,FL,263553,86,33703
"St. Petersburg, FL",St. Petersburg,FL,263553,86,33704
"St. Petersburg, FL",St. Petersburg,FL,263553,86,33705
"St. Petersburg, FL",St. Petersburg,FL,263553,86,33710
"St. Petersburg, FL",St. Petersburg,FL,263553,86,33711
"St. Petersburg, FL",St. Petersburg,FL,263553,86,33712
"St. Petersburg, FL",St. Petersburg,FL,263553,86,33713
"St. Petersburg, FL",St. Petersburg,FL,263553,86,33716
"Laredo, TX",Laredo,TX,257602,87,78040
"Laredo, TX",Laredo,TX,257602,87,78041
"Irving, TX",Irving,TX,254373,88,75038
"Irving, TX",Irving,TX,254373,88,75039
"Irving, TX",Irving,TX,254373,88,75060
"Irving, TX",Irving,TX,254373,88,75061
"Irving, TX",Irving,TX,254373,88,75062
"Irving, TX",Irving,TX,254373,88,75063
"Chesapeake, VA",Chesapeake,VA,253886,89,23320
"Chesapeake, VA",Chesapeake,VA,253886,89,23321
"Chesapeake, VA",Chesapeake,VA,253886,89,23322
"Chesapeake, VA",Chesapeake,VA,253886,89,23323
"Chesapeake, VA",Chesapeake,VA,253886,89,23324
"Chesapeake, VA",Chesapeake,VA,253886,89,23325
"Glendale, AZ",Glendale,AZ,253855,90,85301
"Glendale, AZ",Glendale,AZ,253855,90,85302
"Glendale, AZ",Glendale,AZ,253855,90,85303
"Glendale, AZ",Glendale,AZ,253855,90,85304
"Glendale, AZ",Glendale,AZ,253855,90,85305
"Glendale, AZ",Glendale,AZ,253855,90,85306
"Glendale, AZ",Glendale,AZ,253855,90,85308
"Glendale, AZ",Glendale,AZ,253855,90,85309
"Glendale, AZ",Glendale,AZ,253855,90,85310
"Glendale, AZ",Glendale,AZ,253855,90,85340
"Winston-Salem, NC",Winston-Salem,NC,252975,91,27101
"Winston-Salem, NC",Winston-Salem,NC,252975,91,27103
"Winston-Salem, NC",Winston-Salem,NC,252975,91,27104
"Winston-Salem, NC",Winston-Salem,NC,252975,91,27105
"Winston-Salem, NC",Winston-Salem,NC,252975,91,27106
"Winston-Salem, NC",Winston-Salem,NC,252975,91,27109
"Winston-Salem, NC",Winston-Salem,NC,252975,91,27110
"Winston-Salem, NC",Winston-Salem,NC,252975,91,27127
"Port St. Lucie, FL",Port St. Lucie,FL,245021,92,34952
"Port St. Lucie, FL",Port St. Lucie,FL,245021,92,34953
"Port St. Lucie, FL",Port St. Lucie,FL,245021,92,34983
"Port St. Lucie, FL",Port St. Lucie,FL,245021,92,34984
"Port St. Lucie, FL",Port St. Lucie,FL,245021,92,34986
"Scottsdale, AZ",Scottsdale,AZ,244394,93,85251
"Scottsdale, AZ",Scottsdale,AZ,244394,93,85255
"Scottsdale, AZ",Scottsdale,AZ,244394,93,85257
"Scottsdale, AZ",Scottsdale,AZ,244394,93,85258
"Scottsdale, AZ",Scottsdale,AZ,244394,93,85259
"Scottsdale, AZ",Scottsdale,AZ,244394,93,85260
"Scottsdale, AZ",Scottsdale,AZ,244394,93,85266
"Garland, TX",Garland,TX,243470,94,75040
"Garland, TX",Garland,TX,243470,94,75041
"Garland, TX",Garland,TX,243470,94,75042
"Garland, TX",Garland,TX,243470,94,75043
"Garland, TX",Garland,TX,243470,94,75044
"Boise, ID",Boise,ID,235421,95,83703
"Boise, ID",Boise,ID,235421,95,83704
"Boise, ID",Boise,ID,235421,95,83705
"Boise, ID",Boise,ID,235421,95,83706
"Boise, ID",Boise,ID,235421,95,83713
"Boise, ID",Boise,ID,235421,95,83720
"Boise, ID",Boise,ID,235421,95,83725
"Norfolk, VA",Norfolk,VA,230930,96,23502
"Norfolk, VA",Norfolk,VA,230930,96,23503
"Norfolk, VA",Norfolk,VA,230930,96,23504
"Norfolk, VA",Norfolk,VA,230930,96,23505
"Norfolk, VA",Norfolk,VA,230930,96,23507
"Norfolk, VA",Norfolk,VA,230930,96,23508
"Norfolk, VA",Norfolk,VA,230930,96,23509
"Norfolk, VA",Norfolk,VA,230930,96,23510
"Norfolk, VA",Norfolk,VA,230930,96,23511
"Norfolk, VA",Norfolk,VA,230930,96,23513
"Norfolk, VA",Norfolk,VA,230930,96,23517
"Norfolk, VA",Norfolk,VA,230930,96,23518
"Norfolk, VA",Norfolk,VA,230930,96,23523
"Norfolk, VA",Norfolk,VA,230930,96,23551
"Spokane, WA",Spokane,WA,229447,97,99201
"Spokane, WA",Spokane,WA,229447,97,99202
"Spokane, WA",Spokane,WA,229447,97,99203
"Spokane, WA",Spokane,WA,229447,97,99204
"Spokane, WA",Spokane,WA,229447,97,99205
"Spokane, WA",Spokane,WA,229447,97,99207
"Spokane, WA",Spokane,WA,229447,97,99258
"Richmond, VA",Richmond,VA,229247,98,23173
"Richmond, VA",Richmond,VA,229247,98,23219
"Richmond, VA",Richmond,VA,229247,98,23220
"Richmond, VA",Richmond,VA,229247,98,23221
"Richmond, VA",Richmond,VA,229247,98,23224
"Richmond, VA",Richmond,VA,229247,98,23225
"Richmond, VA",Richmond,VA,229247,98,23226
"Richmond, VA",Richmond,VA,229247,98,23284
"Richmond, VA",Richmond,VA,229247,98,23298
"Fremont, CA",Fremont,CA,226208,99,94536
"Fremont, CA",Fremont,CA,226208,99,94538
"Fremont, CA",Fremont,CA,226208,99,94539
"Fremont, CA",Fremont,CA,226208,99,94555
"Huntsville, AL",Huntsville,AL,225564,100,35757
"Huntsville, AL",Huntsville,AL,225564,100,35801
"Huntsville, AL",Huntsville,AL,225564,100,35802
"Huntsville, AL",Huntsville,AL,225564,100,35805
"Huntsville, AL",Huntsville,AL,225564,100,35810
"Huntsville, AL",Huntsville,AL,225564,100,35816
"Huntsville, AL",Huntsville,AL,225564,100,35824
"Huntsville, AL",Huntsville,AL,225564,100,35896
